survey_id,track_id,candidate_group,source_file,source_duration_sec,survey_start_sec,survey_end_sec,survey_file,model_clip_01,model_clip_02,model_clip_03,review_status,review_note
Q0001,0161541,Lock,D:\MTG_Jamendo_selected400\Lock\0161541.mp3,285.309,132.655,152.655,D:\MTG_Jamendo_clips\survey_20s\Q0001.wav,D:\MTG_Jamendo_clips\model_7p5s\Q0001_clip01.wav,D:\MTG_Jamendo_clips\model_7p5s\Q0001_clip02.wav,D:\MTG_Jamendo_clips\model_7p5s\Q0001_clip03.wav,not_reviewed,
Q0002,0848378,HipHop,D:\MTG_Jamendo_selected400\HipHop\0848378.mp3,234.527,107.264,127.264,D:\MTG_Jamendo_clips\survey_20s\Q0002.wav,D:\MTG_Jamendo_clips\model_7p5s\Q0002_clip01.wav,D:\MTG_Jamendo_clips\model_7p5s\Q0002_clip02.wav,D:\MTG_Jamendo_clips\model_7p5s\Q0002_clip03.wav,not_reviewed,
Q0003,1414216,HipHop,D:\MTG_Jamendo_selected400\HipHop\1414216.mp3,243.54,111.77,131.77,D:\MTG_Jamendo_clips\survey_20s\Q0003.wav,D:\MTG_Jamendo_clips\model_7p5s\Q0003_clip01.wav,D:\MTG_Jamendo_clips\model_7p5s\Q0003_clip02.wav,D:\MTG_Jamendo_clips\model_7p5s\Q0003_clip03.wav,not_reviewed,
Q0004,0045242,House,D:\MTG_Jamendo_selected400\House\0045242.mp3,572.761,276.38,296.38,D:\MTG_Jamendo_clips\survey_20s\Q0004.wav,D:\MTG_Jamendo_clips\model_7p5s\Q0004_clip01.wav,D:\MTG_Jamendo_clips\model_7p5s\Q0004_clip02.wav,D:\MTG_Jamendo_clips\model_7p5s\Q0004_clip03.wav,not_reviewed,
Q0005,0087483,Lock,D:\MTG_Jamendo_selected400\Lock\0087483.mp3,216.033,98.016,118.016,D:\MTG_Jamendo_clips\survey_20s\Q0005.wav,D:\MTG_Jamendo_clips\model_7p5s\Q0005_clip01.wav,D:\MTG_Jamendo_clips\model_7p5s\Q0005_clip02.wav,D:\MTG_Jamendo_clips\model_7p5s\Q0005_clip03.wav,not_reviewed,
Q0006,1372778,House,D:\MTG_Jamendo_selected400\House\1372778.mp3,187.507,83.753,103.753,D:\MTG_Jamendo_clips\survey_20s\Q0006.wav,D:\MTG_Jamendo_clips\model_7p5s\Q0006_clip01.wav,D:\MTG_Jamendo_clips\model_7p5s\Q0006_clip02.wav,D:\MTG_Jamendo_clips\model_7p5s\Q0006_clip03.wav,not_reviewed,
Q0007,1053505,House,D:\MTG_Jamendo_selected400\House\1053505.mp3,265.038,122.519,142.519,D:\MTG_Jamendo_clips\survey_20s\Q0007.wav,D:\MTG_Jamendo_clips\model_7p5s\Q0007_clip01.wav,D:\MTG_Jamendo_clips\model_7p5s\Q0007_clip02.wav,D:\MTG_Jamendo_clips\model_7p5s\Q0007_clip03.wav,not_reviewed,
Q0008,1183079,HipHop,D:\MTG_Jamendo_selected400\HipHop\1183079.mp3,299.99,139.995,159.995,D:\MTG_Jamendo_clips\survey_20s\Q0008.wav,D:\MTG_Jamendo_clips\model_7p5s\Q0008_clip01.wav,D:\MTG_Jamendo_clips\model_7p5s\Q0008_clip02.wav,D:\MTG_Jamendo_clips\model_7p5s\Q0008_clip03.wav,not_reviewed,
Q0009,0377474,Lock,D:\MTG_Jamendo_selected400\Lock\0377474.mp3,256.209,118.104,138.104,D:\MTG_Jamendo_clips\survey_20s\Q0009.wav,D:\MTG_Jamendo_clips\model_7p5s\Q0009_clip01.wav,D:\MTG_Jamendo_clips\model_7p5s\Q0009_clip02.wav,D:\MTG_Jamendo_clips\model_7p5s\Q0009_clip03.wav,not_reviewed,
Q0010,1160602,Lock,D:\MTG_Jamendo_selected400\Lock\1160602.mp3,319.869,149.935,169.935,D:\MTG_Jamendo_clips\survey_20s\Q0010.wav,D:\MTG_Jamendo_clips\model_7p5s\Q0010_clip01.wav,D:\MTG_Jamendo_clips\model_7p5s\Q0010_clip02.wav,D:\MTG_Jamendo_clips\model_7p5s\Q0010_clip03.wav,not_reviewed,
Q0011,1089928,House,D:\MTG_Jamendo_selected400\House\1089928.mp3,192.026,86.013,106.013,D:\MTG_Jamendo_clips\survey_20s\Q0011.wav,D:\MTG_Jamendo_clips\model_7p5s\Q0011_clip01.wav,D:\MTG_Jamendo_clips\model_7p5s\Q0011_clip02.wav,D:\MTG_Jamendo_clips\model_7p5s\Q0011_clip03.wav,not_reviewed,
Q0012,1294881,Lock,D:\MTG_Jamendo_selected400\Lock\1294881.mp3,194.952,87.476,107.476,D:\MTG_Jamendo_clips\survey_20s\Q0012.wav,D:\MTG_Jamendo_clips\model_7p5s\Q0012_clip01.wav,D:\MTG_Jamendo_clips\model_7p5s\Q0012_clip02.wav,D:\MTG_Jamendo_clips\model_7p5s\Q0012_clip03.wav,not_reviewed,
Q0013,1096293,Break,D:\MTG_Jamendo_selected400\Break\1096293.mp3,260.04,120.02,140.02,D:\MTG_Jamendo_clips\survey_20s\Q0013.wav,D:\MTG_Jamendo_clips\model_7p5s\Q0013_clip01.wav,D:\MTG_Jamendo_clips\model_7p5s\Q0013_clip02.wav,D:\MTG_Jamendo_clips\model_7p5s\Q0013_clip03.wav,not_reviewed,
Q0014,0913291,Pop,D:\MTG_Jamendo_selected400\Pop\0913291.mp3,174.393,77.197,97.197,D:\MTG_Jamendo_clips\survey_20s\Q0014.wav,D:\MTG_Jamendo_clips\model_7p5s\Q0014_clip01.wav,D:\MTG_Jamendo_clips\model_7p5s\Q0014_clip02.wav,D:\MTG_Jamendo_clips\model_7p5s\Q0014_clip03.wav,not_reviewed,
Q0015,1055324,Pop,D:\MTG_Jamendo_selected400\Pop\1055324.mp3,198.191,89.096,109.096,D:\MTG_Jamendo_clips\survey_20s\Q0015.wav,D:\MTG_Jamendo_clips\model_7p5s\Q0015_clip01.wav,D:\MTG_Jamendo_clips\model_7p5s\Q0015_clip02.wav,D:\MTG_Jamendo_clips\model_7p5s\Q0015_clip03.wav,not_reviewed,
Q0016,1210698,Pop,D:\MTG_Jamendo_selected400\Pop\1210698.mp3,162.847,71.424,91.424,D:\MTG_Jamendo_clips\survey_20s\Q0016.wav,D:\MTG_Jamendo_clips\model_7p5s\Q0016_clip01.wav,D:\MTG_Jamendo_clips\model_7p5s\Q0016_clip02.wav,D:\MTG_Jamendo_clips\model_7p5s\Q0016_clip03.wav,not_reviewed,
Q0017,1167527,Break,D:\MTG_Jamendo_selected400\Break\1167527.mp3,462.237,221.118,241.118,D:\MTG_Jamendo_clips\survey_20s\Q0017.wav,D:\MTG_Jamendo_clips\model_7p5s\Q0017_clip01.wav,D:\MTG_Jamendo_clips\model_7p5s\Q0017_clip02.wav,D:\MTG_Jamendo_clips\model_7p5s\Q0017_clip03.wav,not_reviewed,
Q0018,1304424,House,D:\MTG_Jamendo_selected400\House\1304424.mp3,211.905,95.953,115.953,D:\MTG_Jamendo_clips\survey_20s\Q0018.wav,D:\MTG_Jamendo_clips\model_7p5s\Q0018_clip01.wav,D:\MTG_Jamendo_clips\model_7p5s\Q0018_clip02.wav,D:\MTG_Jamendo_clips\model_7p5s\Q0018_clip03.wav,not_reviewed,
Q0019,0969125,HipHop,D:\MTG_Jamendo_selected400\HipHop\0969125.mp3,161.515,70.758,90.758,D:\MTG_Jamendo_clips\survey_20s\Q0019.wav,D:\MTG_Jamendo_clips\model_7p5s\Q0019_clip01.wav,D:\MTG_Jamendo_clips\model_7p5s\Q0019_clip02.wav,D:\MTG_Jamendo_clips\model_7p5s\Q0019_clip03.wav,not_reviewed,
Q0020,1279331,Break,D:\MTG_Jamendo_selected400\Break\1279331.mp3,216.085,98.042,118.042,D:\MTG_Jamendo_clips\survey_20s\Q0020.wav,D:\MTG_Jamendo_clips\model_7p5s\Q0020_clip01.wav,D:\MTG_Jamendo_clips\model_7p5s\Q0020_clip02.wav,D:\MTG_Jamendo_clips\model_7p5s\Q0020_clip03.wav,not_reviewed,
Q0021,0952688,Lock,D:\MTG_Jamendo_selected400\Lock\0952688.mp3,132.049,56.024,76.024,D:\MTG_Jamendo_clips\survey_20s\Q0021.wav,D:\MTG_Jamendo_clips\model_7p5s\Q0021_clip01.wav,D:\MTG_Jamendo_clips\model_7p5s\Q0021_clip02.wav,D:\MTG_Jamendo_clips\model_7p5s\Q0021_clip03.wav,not_reviewed,
Q0022,0200570,House,D:\MTG_Jamendo_selected400\House\0200570.mp3,224.679,102.34,122.34,D:\MTG_Jamendo_clips\survey_20s\Q0022.wav,D:\MTG_Jamendo_clips\model_7p5s\Q0022_clip01.wav,D:\MTG_Jamendo_clips\model_7p5s\Q0022_clip02.wav,D:\MTG_Jamendo_clips\model_7p5s\Q0022_clip03.wav,not_reviewed,
Q0023,0177569,Lock,D:\MTG_Jamendo_selected400\Lock\0177569.mp3,228.232,104.116,124.116,D:\MTG_Jamendo_clips\survey_20s\Q0023.wav,D:\MTG_Jamendo_clips\model_7p5s\Q0023_clip01.wav,D:\MTG_Jamendo_clips\model_7p5s\Q0023_clip02.wav,D:\MTG_Jamendo_clips\model_7p5s\Q0023_clip03.wav,not_reviewed,
Q0024,1409390,Break,D:\MTG_Jamendo_selected400\Break\1409390.mp3,359.523,169.762,189.762,D:\MTG_Jamendo_clips\survey_20s\Q0024.wav,D:\MTG_Jamendo_clips\model_7p5s\Q0024_clip01.wav,D:\MTG_Jamendo_clips\model_7p5s\Q0024_clip02.wav,D:\MTG_Jamendo_clips\model_7p5s\Q0024_clip03.wav,not_reviewed,
Q0025,0153597,Break,D:\MTG_Jamendo_selected400\Break\0153597.mp3,119.144,49.572,69.572,D:\MTG_Jamendo_clips\survey_20s\Q0025.wav,D:\MTG_Jamendo_clips\model_7p5s\Q0025_clip01.wav,D:\MTG_Jamendo_clips\model_7p5s\Q0025_clip02.wav,D:\MTG_Jamendo_clips\model_7p5s\Q0025_clip03.wav,not_reviewed,
Q0026,1384218,Break,D:\MTG_Jamendo_selected400\Break\1384218.mp3,359.706,169.853,189.853,D:\MTG_Jamendo_clips\survey_20s\Q0026.wav,D:\MTG_Jamendo_clips\model_7p5s\Q0026_clip01.wav,D:\MTG_Jamendo_clips\model_7p5s\Q0026_clip02.wav,D:\MTG_Jamendo_clips\model_7p5s\Q0026_clip03.wav,not_reviewed,
Q0027,1131407,House,D:\MTG_Jamendo_selected400\House\1131407.mp3,184.477,82.238,102.238,D:\MTG_Jamendo_clips\survey_20s\Q0027.wav,D:\MTG_Jamendo_clips\model_7p5s\Q0027_clip01.wav,D:\MTG_Jamendo_clips\model_7p5s\Q0027_clip02.wav,D:\MTG_Jamendo_clips\model_7p5s\Q0027_clip03.wav,not_reviewed,
Q0028,0033327,Break,D:\MTG_Jamendo_selected400\Break\0033327.mp3,192.078,86.039,106.039,D:\MTG_Jamendo_clips\survey_20s\Q0028.wav,D:\MTG_Jamendo_clips\model_7p5s\Q0028_clip01.wav,D:\MTG_Jamendo_clips\model_7p5s\Q0028_clip02.wav,D:\MTG_Jamendo_clips\model_7p5s\Q0028_clip03.wav,not_reviewed,
Q0029,1216213,Pop,D:\MTG_Jamendo_selected400\Pop\1216213.mp3,183.04,81.52,101.52,D:\MTG_Jamendo_clips\survey_20s\Q0029.wav,D:\MTG_Jamendo_clips\model_7p5s\Q0029_clip01.wav,D:\MTG_Jamendo_clips\model_7p5s\Q0029_clip02.wav,D:\MTG_Jamendo_clips\model_7p5s\Q0029_clip03.wav,not_reviewed,
Q0030,1245432,Pop,D:\MTG_Jamendo_selected400\Pop\1245432.mp3,146.286,63.143,83.143,D:\MTG_Jamendo_clips\survey_20s\Q0030.wav,D:\MTG_Jamendo_clips\model_7p5s\Q0030_clip01.wav,D:\MTG_Jamendo_clips\model_7p5s\Q0030_clip02.wav,D:\MTG_Jamendo_clips\model_7p5s\Q0030_clip03.wav,not_reviewed,
Q0031,0513873,Lock,D:\MTG_Jamendo_selected400\Lock\0513873.mp3,280.633,130.317,150.317,D:\MTG_Jamendo_clips\survey_20s\Q0031.wav,D:\MTG_Jamendo_clips\model_7p5s\Q0031_clip01.wav,D:\MTG_Jamendo_clips\model_7p5s\Q0031_clip02.wav,D:\MTG_Jamendo_clips\model_7p5s\Q0031_clip03.wav,not_reviewed,
Q0032,0223467,Lock,D:\MTG_Jamendo_selected400\Lock\0223467.mp3,318.72,149.36,169.36,D:\MTG_Jamendo_clips\survey_20s\Q0032.wav,D:\MTG_Jamendo_clips\model_7p5s\Q0032_clip01.wav,D:\MTG_Jamendo_clips\model_7p5s\Q0032_clip02.wav,D:\MTG_Jamendo_clips\model_7p5s\Q0032_clip03.wav,not_reviewed,
Q0033,0043686,Lock,D:\MTG_Jamendo_selected400\Lock\0043686.mp3,214.596,97.298,117.298,D:\MTG_Jamendo_clips\survey_20s\Q0033.wav,D:\MTG_Jamendo_clips\model_7p5s\Q0033_clip01.wav,D:\MTG_Jamendo_clips\model_7p5s\Q0033_clip02.wav,D:\MTG_Jamendo_clips\model_7p5s\Q0033_clip03.wav,not_reviewed,
Q0034,1234555,House,D:\MTG_Jamendo_selected400\House\1234555.mp3,303.778,141.889,161.889,D:\MTG_Jamendo_clips\survey_20s\Q0034.wav,D:\MTG_Jamendo_clips\model_7p5s\Q0034_clip01.wav,D:\MTG_Jamendo_clips\model_7p5s\Q0034_clip02.wav,D:\MTG_Jamendo_clips\model_7p5s\Q0034_clip03.wav,not_reviewed,
Q0035,1289019,Break,D:\MTG_Jamendo_selected400\Break\1289019.mp3,338.155,159.078,179.078,D:\MTG_Jamendo_clips\survey_20s\Q0035.wav,D:\MTG_Jamendo_clips\model_7p5s\Q0035_clip01.wav,D:\MTG_Jamendo_clips\model_7p5s\Q0035_clip02.wav,D:\MTG_Jamendo_clips\model_7p5s\Q0035_clip03.wav,not_reviewed,
Q0036,1082112,Break,D:\MTG_Jamendo_selected400\Break\1082112.mp3,264.046,122.023,142.023,D:\MTG_Jamendo_clips\survey_20s\Q0036.wav,D:\MTG_Jamendo_clips\model_7p5s\Q0036_clip01.wav,D:\MTG_Jamendo_clips\model_7p5s\Q0036_clip02.wav,D:\MTG_Jamendo_clips\model_7p5s\Q0036_clip03.wav,not_reviewed,
Q0037,1119474,Pop,D:\MTG_Jamendo_selected400\Pop\1119474.mp3,181.629,80.815,100.815,D:\MTG_Jamendo_clips\survey_20s\Q0037.wav,D:\MTG_Jamendo_clips\model_7p5s\Q0037_clip01.wav,D:\MTG_Jamendo_clips\model_7p5s\Q0037_clip02.wav,D:\MTG_Jamendo_clips\model_7p5s\Q0037_clip03.wav,not_reviewed,
Q0038,1068343,Lock,D:\MTG_Jamendo_selected400\Lock\1068343.mp3,188.526,84.263,104.263,D:\MTG_Jamendo_clips\survey_20s\Q0038.wav,D:\MTG_Jamendo_clips\model_7p5s\Q0038_clip01.wav,D:\MTG_Jamendo_clips\model_7p5s\Q0038_clip02.wav,D:\MTG_Jamendo_clips\model_7p5s\Q0038_clip03.wav,not_reviewed,
Q0039,1335500,Break,D:\MTG_Jamendo_selected400\Break\1335500.mp3,359.079,169.54,189.54,D:\MTG_Jamendo_clips\survey_20s\Q0039.wav,D:\MTG_Jamendo_clips\model_7p5s\Q0039_clip01.wav,D:\MTG_Jamendo_clips\model_7p5s\Q0039_clip02.wav,D:\MTG_Jamendo_clips\model_7p5s\Q0039_clip03.wav,not_reviewed,
Q0040,0033633,Lock,D:\MTG_Jamendo_selected400\Lock\0033633.mp3,111.282,45.641,65.641,D:\MTG_Jamendo_clips\survey_20s\Q0040.wav,D:\MTG_Jamendo_clips\model_7p5s\Q0040_clip01.wav,D:\MTG_Jamendo_clips\model_7p5s\Q0040_clip02.wav,D:\MTG_Jamendo_clips\model_7p5s\Q0040_clip03.wav,not_reviewed,
Q0041,1346180,Pop,D:\MTG_Jamendo_selected400\Pop\1346180.mp3,321.306,150.653,170.653,D:\MTG_Jamendo_clips\survey_20s\Q0041.wav,D:\MTG_Jamendo_clips\model_7p5s\Q0041_clip01.wav,D:\MTG_Jamendo_clips\model_7p5s\Q0041_clip02.wav,D:\MTG_Jamendo_clips\model_7p5s\Q0041_clip03.wav,not_reviewed,
Q0042,1129668,Lock,D:\MTG_Jamendo_selected400\Lock\1129668.mp3,236.121,108.06,128.06,D:\MTG_Jamendo_clips\survey_20s\Q0042.wav,D:\MTG_Jamendo_clips\model_7p5s\Q0042_clip01.wav,D:\MTG_Jamendo_clips\model_7p5s\Q0042_clip02.wav,D:\MTG_Jamendo_clips\model_7p5s\Q0042_clip03.wav,not_reviewed,
Q0043,1379325,House,D:\MTG_Jamendo_selected400\House\1379325.mp3,296.803,138.402,158.402,D:\MTG_Jamendo_clips\survey_20s\Q0043.wav,D:\MTG_Jamendo_clips\model_7p5s\Q0043_clip01.wav,D:\MTG_Jamendo_clips\model_7p5s\Q0043_clip02.wav,D:\MTG_Jamendo_clips\model_7p5s\Q0043_clip03.wav,not_reviewed,
Q0044,1312906,Pop,D:\MTG_Jamendo_selected400\Pop\1312906.mp3,168.333,74.167,94.167,D:\MTG_Jamendo_clips\survey_20s\Q0044.wav,D:\MTG_Jamendo_clips\model_7p5s\Q0044_clip01.wav,D:\MTG_Jamendo_clips\model_7p5s\Q0044_clip02.wav,D:\MTG_Jamendo_clips\model_7p5s\Q0044_clip03.wav,not_reviewed,
Q0045,0919940,Break,D:\MTG_Jamendo_selected400\Break\0919940.mp3,509.701,244.851,264.851,D:\MTG_Jamendo_clips\survey_20s\Q0045.wav,D:\MTG_Jamendo_clips\model_7p5s\Q0045_clip01.wav,D:\MTG_Jamendo_clips\model_7p5s\Q0045_clip02.wav,D:\MTG_Jamendo_clips\model_7p5s\Q0045_clip03.wav,not_reviewed,
Q0046,0331392,Pop,D:\MTG_Jamendo_selected400\Pop\0331392.mp3,180.062,80.031,100.031,D:\MTG_Jamendo_clips\survey_20s\Q0046.wav,D:\MTG_Jamendo_clips\model_7p5s\Q0046_clip01.wav,D:\MTG_Jamendo_clips\model_7p5s\Q0046_clip02.wav,D:\MTG_Jamendo_clips\model_7p5s\Q0046_clip03.wav,not_reviewed,
Q0047,0003962,Lock,D:\MTG_Jamendo_selected400\Lock\0003962.mp3,318.25,149.125,169.125,D:\MTG_Jamendo_clips\survey_20s\Q0047.wav,D:\MTG_Jamendo_clips\model_7p5s\Q0047_clip01.wav,D:\MTG_Jamendo_clips\model_7p5s\Q0047_clip02.wav,D:\MTG_Jamendo_clips\model_7p5s\Q0047_clip03.wav,not_reviewed,
Q0048,0938297,HipHop,D:\MTG_Jamendo_selected400\HipHop\0938297.mp3,101.198,40.599,60.599,D:\MTG_Jamendo_clips\survey_20s\Q0048.wav,D:\MTG_Jamendo_clips\model_7p5s\Q0048_clip01.wav,D:\MTG_Jamendo_clips\model_7p5s\Q0048_clip02.wav,D:\MTG_Jamendo_clips\model_7p5s\Q0048_clip03.wav,not_reviewed,
Q0049,0032623,Pop,D:\MTG_Jamendo_selected400\Pop\0032623.mp3,222.929,101.464,121.464,D:\MTG_Jamendo_clips\survey_20s\Q0049.wav,D:\MTG_Jamendo_clips\model_7p5s\Q0049_clip01.wav,D:\MTG_Jamendo_clips\model_7p5s\Q0049_clip02.wav,D:\MTG_Jamendo_clips\model_7p5s\Q0049_clip03.wav,not_reviewed,
Q0050,1335361,HipHop,D:\MTG_Jamendo_selected400\HipHop\1335361.mp3,225.907,102.953,122.953,D:\MTG_Jamendo_clips\survey_20s\Q0050.wav,D:\MTG_Jamendo_clips\model_7p5s\Q0050_clip01.wav,D:\MTG_Jamendo_clips\model_7p5s\Q0050_clip02.wav,D:\MTG_Jamendo_clips\model_7p5s\Q0050_clip03.wav,not_reviewed,
Q0051,0552282,House,D:\MTG_Jamendo_selected400\House\0552282.mp3,323.161,151.58,171.58,D:\MTG_Jamendo_clips\survey_20s\Q0051.wav,D:\MTG_Jamendo_clips\model_7p5s\Q0051_clip01.wav,D:\MTG_Jamendo_clips\model_7p5s\Q0051_clip02.wav,D:\MTG_Jamendo_clips\model_7p5s\Q0051_clip03.wav,not_reviewed,
Q0052,1349620,Break,D:\MTG_Jamendo_selected400\Break\1349620.mp3,278.57,129.285,149.285,D:\MTG_Jamendo_clips\survey_20s\Q0052.wav,D:\MTG_Jamendo_clips\model_7p5s\Q0052_clip01.wav,D:\MTG_Jamendo_clips\model_7p5s\Q0052_clip02.wav,D:\MTG_Jamendo_clips\model_7p5s\Q0052_clip03.wav,not_reviewed,
Q0053,1085465,Pop,D:\MTG_Jamendo_selected400\Pop\1085465.mp3,198.792,89.396,109.396,D:\MTG_Jamendo_clips\survey_20s\Q0053.wav,D:\MTG_Jamendo_clips\model_7p5s\Q0053_clip01.wav,D:\MTG_Jamendo_clips\model_7p5s\Q0053_clip02.wav,D:\MTG_Jamendo_clips\model_7p5s\Q0053_clip03.wav,not_reviewed,
Q0054,1197329,Break,D:\MTG_Jamendo_selected400\Break\1197329.mp3,144.901,62.451,82.451,D:\MTG_Jamendo_clips\survey_20s\Q0054.wav,D:\MTG_Jamendo_clips\model_7p5s\Q0054_clip01.wav,D:\MTG_Jamendo_clips\model_7p5s\Q0054_clip02.wav,D:\MTG_Jamendo_clips\model_7p5s\Q0054_clip03.wav,not_reviewed,
Q0055,1369670,House,D:\MTG_Jamendo_selected400\House\1369670.mp3,524.931,252.465,272.465,D:\MTG_Jamendo_clips\survey_20s\Q0055.wav,D:\MTG_Jamendo_clips\model_7p5s\Q0055_clip01.wav,D:\MTG_Jamendo_clips\model_7p5s\Q0055_clip02.wav,D:\MTG_Jamendo_clips\model_7p5s\Q0055_clip03.wav,not_reviewed,
Q0056,1335407,HipHop,D:\MTG_Jamendo_selected400\HipHop\1335407.mp3,156.082,68.041,88.041,D:\MTG_Jamendo_clips\survey_20s\Q0056.wav,D:\MTG_Jamendo_clips\model_7p5s\Q0056_clip01.wav,D:\MTG_Jamendo_clips\model_7p5s\Q0056_clip02.wav,D:\MTG_Jamendo_clips\model_7p5s\Q0056_clip03.wav,not_reviewed,
Q0057,1286881,House,D:\MTG_Jamendo_selected400\House\1286881.mp3,281.13,130.565,150.565,D:\MTG_Jamendo_clips\survey_20s\Q0057.wav,D:\MTG_Jamendo_clips\model_7p5s\Q0057_clip01.wav,D:\MTG_Jamendo_clips\model_7p5s\Q0057_clip02.wav,D:\MTG_Jamendo_clips\model_7p5s\Q0057_clip03.wav,not_reviewed,
Q0058,1400982,Break,D:\MTG_Jamendo_selected400\Break\1400982.mp3,206.158,93.079,113.079,D:\MTG_Jamendo_clips\survey_20s\Q0058.wav,D:\MTG_Jamendo_clips\model_7p5s\Q0058_clip01.wav,D:\MTG_Jamendo_clips\model_7p5s\Q0058_clip02.wav,D:\MTG_Jamendo_clips\model_7p5s\Q0058_clip03.wav,not_reviewed,
Q0059,1252982,Pop,D:\MTG_Jamendo_selected400\Pop\1252982.mp3,212.741,96.371,116.371,D:\MTG_Jamendo_clips\survey_20s\Q0059.wav,D:\MTG_Jamendo_clips\model_7p5s\Q0059_clip01.wav,D:\MTG_Jamendo_clips\model_7p5s\Q0059_clip02.wav,D:\MTG_Jamendo_clips\model_7p5s\Q0059_clip03.wav,not_reviewed,
Q0060,0652168,Pop,D:\MTG_Jamendo_selected400\Pop\0652168.mp3,192.47,86.235,106.235,D:\MTG_Jamendo_clips\survey_20s\Q0060.wav,D:\MTG_Jamendo_clips\model_7p5s\Q0060_clip01.wav,D:\MTG_Jamendo_clips\model_7p5s\Q0060_clip02.wav,D:\MTG_Jamendo_clips\model_7p5s\Q0060_clip03.wav,not_reviewed,
Q0061,0381192,HipHop,D:\MTG_Jamendo_selected400\HipHop\0381192.mp3,163.5,71.75,91.75,D:\MTG_Jamendo_clips\survey_20s\Q0061.wav,D:\MTG_Jamendo_clips\model_7p5s\Q0061_clip01.wav,D:\MTG_Jamendo_clips\model_7p5s\Q0061_clip02.wav,D:\MTG_Jamendo_clips\model_7p5s\Q0061_clip03.wav,not_reviewed,
Q0062,1338456,Pop,D:\MTG_Jamendo_selected400\Pop\1338456.mp3,301.453,140.727,160.727,D:\MTG_Jamendo_clips\survey_20s\Q0062.wav,D:\MTG_Jamendo_clips\model_7p5s\Q0062_clip01.wav,D:\MTG_Jamendo_clips\model_7p5s\Q0062_clip02.wav,D:\MTG_Jamendo_clips\model_7p5s\Q0062_clip03.wav,not_reviewed,
Q0063,0872001,Break,D:\MTG_Jamendo_selected400\Break\0872001.mp3,307.435,143.718,163.718,D:\MTG_Jamendo_clips\survey_20s\Q0063.wav,D:\MTG_Jamendo_clips\model_7p5s\Q0063_clip01.wav,D:\MTG_Jamendo_clips\model_7p5s\Q0063_clip02.wav,D:\MTG_Jamendo_clips\model_7p5s\Q0063_clip03.wav,not_reviewed,
Q0064,1399581,Break,D:\MTG_Jamendo_selected400\Break\1399581.mp3,397.767,188.883,208.883,D:\MTG_Jamendo_clips\survey_20s\Q0064.wav,D:\MTG_Jamendo_clips\model_7p5s\Q0064_clip01.wav,D:\MTG_Jamendo_clips\model_7p5s\Q0064_clip02.wav,D:\MTG_Jamendo_clips\model_7p5s\Q0064_clip03.wav,not_reviewed,
Q0065,0832030,House,D:\MTG_Jamendo_selected400\House\0832030.mp3,333.14,156.57,176.57,D:\MTG_Jamendo_clips\survey_20s\Q0065.wav,D:\MTG_Jamendo_clips\model_7p5s\Q0065_clip01.wav,D:\MTG_Jamendo_clips\model_7p5s\Q0065_clip02.wav,D:\MTG_Jamendo_clips\model_7p5s\Q0065_clip03.wav,not_reviewed,
Q0066,0989090,Break,D:\MTG_Jamendo_selected400\Break\0989090.mp3,191.478,85.739,105.739,D:\MTG_Jamendo_clips\survey_20s\Q0066.wav,D:\MTG_Jamendo_clips\model_7p5s\Q0066_clip01.wav,D:\MTG_Jamendo_clips\model_7p5s\Q0066_clip02.wav,D:\MTG_Jamendo_clips\model_7p5s\Q0066_clip03.wav,not_reviewed,
Q0067,0168561,Pop,D:\MTG_Jamendo_selected400\Pop\0168561.mp3,225.829,102.914,122.914,D:\MTG_Jamendo_clips\survey_20s\Q0067.wav,D:\MTG_Jamendo_clips\model_7p5s\Q0067_clip01.wav,D:\MTG_Jamendo_clips\model_7p5s\Q0067_clip02.wav,D:\MTG_Jamendo_clips\model_7p5s\Q0067_clip03.wav,not_reviewed,
Q0068,1255525,HipHop,D:\MTG_Jamendo_selected400\HipHop\1255525.mp3,257.358,118.679,138.679,D:\MTG_Jamendo_clips\survey_20s\Q0068.wav,D:\MTG_Jamendo_clips\model_7p5s\Q0068_clip01.wav,D:\MTG_Jamendo_clips\model_7p5s\Q0068_clip02.wav,D:\MTG_Jamendo_clips\model_7p5s\Q0068_clip03.wav,not_reviewed,
Q0069,1236297,HipHop,D:\MTG_Jamendo_selected400\HipHop\1236297.mp3,147.696,63.848,83.848,D:\MTG_Jamendo_clips\survey_20s\Q0069.wav,D:\MTG_Jamendo_clips\model_7p5s\Q0069_clip01.wav,D:\MTG_Jamendo_clips\model_7p5s\Q0069_clip02.wav,D:\MTG_Jamendo_clips\model_7p5s\Q0069_clip03.wav,not_reviewed,
Q0070,1194767,HipHop,D:\MTG_Jamendo_selected400\HipHop\1194767.mp3,189.231,84.616,104.616,D:\MTG_Jamendo_clips\survey_20s\Q0070.wav,D:\MTG_Jamendo_clips\model_7p5s\Q0070_clip01.wav,D:\MTG_Jamendo_clips\model_7p5s\Q0070_clip02.wav,D:\MTG_Jamendo_clips\model_7p5s\Q0070_clip03.wav,not_reviewed,
Q0071,0152604,Lock,D:\MTG_Jamendo_selected400\Lock\0152604.mp3,172.121,76.06,96.06,D:\MTG_Jamendo_clips\survey_20s\Q0071.wav,D:\MTG_Jamendo_clips\model_7p5s\Q0071_clip01.wav,D:\MTG_Jamendo_clips\model_7p5s\Q0071_clip02.wav,D:\MTG_Jamendo_clips\model_7p5s\Q0071_clip03.wav,not_reviewed,
Q0072,0519565,Pop,D:\MTG_Jamendo_selected400\Pop\0519565.mp3,190.198,85.099,105.099,D:\MTG_Jamendo_clips\survey_20s\Q0072.wav,D:\MTG_Jamendo_clips\model_7p5s\Q0072_clip01.wav,D:\MTG_Jamendo_clips\model_7p5s\Q0072_clip02.wav,D:\MTG_Jamendo_clips\model_7p5s\Q0072_clip03.wav,not_reviewed,
Q0073,0155947,Break,D:\MTG_Jamendo_selected400\Break\0155947.mp3,421.851,200.926,220.926,D:\MTG_Jamendo_clips\survey_20s\Q0073.wav,D:\MTG_Jamendo_clips\model_7p5s\Q0073_clip01.wav,D:\MTG_Jamendo_clips\model_7p5s\Q0073_clip02.wav,D:\MTG_Jamendo_clips\model_7p5s\Q0073_clip03.wav,not_reviewed,
Q0074,1346677,Break,D:\MTG_Jamendo_selected400\Break\1346677.mp3,436.793,208.397,228.397,D:\MTG_Jamendo_clips\survey_20s\Q0074.wav,D:\MTG_Jamendo_clips\model_7p5s\Q0074_clip01.wav,D:\MTG_Jamendo_clips\model_7p5s\Q0074_clip02.wav,D:\MTG_Jamendo_clips\model_7p5s\Q0074_clip03.wav,not_reviewed,
Q0075,1049550,Pop,D:\MTG_Jamendo_selected400\Pop\1049550.mp3,232.542,106.271,126.271,D:\MTG_Jamendo_clips\survey_20s\Q0075.wav,D:\MTG_Jamendo_clips\model_7p5s\Q0075_clip01.wav,D:\MTG_Jamendo_clips\model_7p5s\Q0075_clip02.wav,D:\MTG_Jamendo_clips\model_7p5s\Q0075_clip03.wav,not_reviewed,
Q0076,1069341,Pop,D:\MTG_Jamendo_selected400\Pop\1069341.mp3,283.664,131.832,151.832,D:\MTG_Jamendo_clips\survey_20s\Q0076.wav,D:\MTG_Jamendo_clips\model_7p5s\Q0076_clip01.wav,D:\MTG_Jamendo_clips\model_7p5s\Q0076_clip02.wav,D:\MTG_Jamendo_clips\model_7p5s\Q0076_clip03.wav,not_reviewed,
Q0077,1098111,Lock,D:\MTG_Jamendo_selected400\Lock\1098111.mp3,133.329,56.664,76.664,D:\MTG_Jamendo_clips\survey_20s\Q0077.wav,D:\MTG_Jamendo_clips\model_7p5s\Q0077_clip01.wav,D:\MTG_Jamendo_clips\model_7p5s\Q0077_clip02.wav,D:\MTG_Jamendo_clips\model_7p5s\Q0077_clip03.wav,not_reviewed,
Q0078,1346567,Break,D:\MTG_Jamendo_selected400\Break\1346567.mp3,308.402,144.201,164.201,D:\MTG_Jamendo_clips\survey_20s\Q0078.wav,D:\MTG_Jamendo_clips\model_7p5s\Q0078_clip01.wav,D:\MTG_Jamendo_clips\model_7p5s\Q0078_clip02.wav,D:\MTG_Jamendo_clips\model_7p5s\Q0078_clip03.wav,not_reviewed,
Q0079,0014731,House,D:\MTG_Jamendo_selected400\House\0014731.mp3,328.464,154.232,174.232,D:\MTG_Jamendo_clips\survey_20s\Q0079.wav,D:\MTG_Jamendo_clips\model_7p5s\Q0079_clip01.wav,D:\MTG_Jamendo_clips\model_7p5s\Q0079_clip02.wav,D:\MTG_Jamendo_clips\model_7p5s\Q0079_clip03.wav,not_reviewed,
Q0080,0172031,HipHop,D:\MTG_Jamendo_selected400\HipHop\0172031.mp3,237.897,108.949,128.949,D:\MTG_Jamendo_clips\survey_20s\Q0080.wav,D:\MTG_Jamendo_clips\model_7p5s\Q0080_clip01.wav,D:\MTG_Jamendo_clips\model_7p5s\Q0080_clip02.wav,D:\MTG_Jamendo_clips\model_7p5s\Q0080_clip03.wav,not_reviewed,
Q0081,1391420,HipHop,D:\MTG_Jamendo_selected400\HipHop\1391420.mp3,130.612,55.306,75.306,D:\MTG_Jamendo_clips\survey_20s\Q0081.wav,D:\MTG_Jamendo_clips\model_7p5s\Q0081_clip01.wav,D:\MTG_Jamendo_clips\model_7p5s\Q0081_clip02.wav,D:\MTG_Jamendo_clips\model_7p5s\Q0081_clip03.wav,not_reviewed,
Q0082,1179602,HipHop,D:\MTG_Jamendo_selected400\HipHop\1179602.mp3,214.021,97.011,117.011,D:\MTG_Jamendo_clips\survey_20s\Q0082.wav,D:\MTG_Jamendo_clips\model_7p5s\Q0082_clip01.wav,D:\MTG_Jamendo_clips\model_7p5s\Q0082_clip02.wav,D:\MTG_Jamendo_clips\model_7p5s\Q0082_clip03.wav,not_reviewed,
Q0083,0330383,Pop,D:\MTG_Jamendo_selected400\Pop\0330383.mp3,205.976,92.988,112.988,D:\MTG_Jamendo_clips\survey_20s\Q0083.wav,D:\MTG_Jamendo_clips\model_7p5s\Q0083_clip01.wav,D:\MTG_Jamendo_clips\model_7p5s\Q0083_clip02.wav,D:\MTG_Jamendo_clips\model_7p5s\Q0083_clip03.wav,not_reviewed,
Q0084,1353368,House,D:\MTG_Jamendo_selected400\House\1353368.mp3,172.878,76.439,96.439,D:\MTG_Jamendo_clips\survey_20s\Q0084.wav,D:\MTG_Jamendo_clips\model_7p5s\Q0084_clip01.wav,D:\MTG_Jamendo_clips\model_7p5s\Q0084_clip02.wav,D:\MTG_Jamendo_clips\model_7p5s\Q0084_clip03.wav,not_reviewed,
Q0085,1310553,House,D:\MTG_Jamendo_selected400\House\1310553.mp3,169.874,74.937,94.937,D:\MTG_Jamendo_clips\survey_20s\Q0085.wav,D:\MTG_Jamendo_clips\model_7p5s\Q0085_clip01.wav,D:\MTG_Jamendo_clips\model_7p5s\Q0085_clip02.wav,D:\MTG_Jamendo_clips\model_7p5s\Q0085_clip03.wav,not_reviewed,
Q0086,1400585,Break,D:\MTG_Jamendo_selected400\Break\1400585.mp3,204.408,92.204,112.204,D:\MTG_Jamendo_clips\survey_20s\Q0086.wav,D:\MTG_Jamendo_clips\model_7p5s\Q0086_clip01.wav,D:\MTG_Jamendo_clips\model_7p5s\Q0086_clip02.wav,D:\MTG_Jamendo_clips\model_7p5s\Q0086_clip03.wav,not_reviewed,
Q0087,1079571,HipHop,D:\MTG_Jamendo_selected400\HipHop\1079571.mp3,248.372,114.186,134.186,D:\MTG_Jamendo_clips\survey_20s\Q0087.wav,D:\MTG_Jamendo_clips\model_7p5s\Q0087_clip01.wav,D:\MTG_Jamendo_clips\model_7p5s\Q0087_clip02.wav,D:\MTG_Jamendo_clips\model_7p5s\Q0087_clip03.wav,not_reviewed,
Q0088,1159089,House,D:\MTG_Jamendo_selected400\House\1159089.mp3,265.691,122.846,142.846,D:\MTG_Jamendo_clips\survey_20s\Q0088.wav,D:\MTG_Jamendo_clips\model_7p5s\Q0088_clip01.wav,D:\MTG_Jamendo_clips\model_7p5s\Q0088_clip02.wav,D:\MTG_Jamendo_clips\model_7p5s\Q0088_clip03.wav,not_reviewed,
Q0089,1085617,Break,D:\MTG_Jamendo_selected400\Break\1085617.mp3,315.873,147.936,167.936,D:\MTG_Jamendo_clips\survey_20s\Q0089.wav,D:\MTG_Jamendo_clips\model_7p5s\Q0089_clip01.wav,D:\MTG_Jamendo_clips\model_7p5s\Q0089_clip02.wav,D:\MTG_Jamendo_clips\model_7p5s\Q0089_clip03.wav,not_reviewed,
Q0090,1262654,House,D:\MTG_Jamendo_selected400\House\1262654.mp3,295.471,137.736,157.736,D:\MTG_Jamendo_clips\survey_20s\Q0090.wav,D:\MTG_Jamendo_clips\model_7p5s\Q0090_clip01.wav,D:\MTG_Jamendo_clips\model_7p5s\Q0090_clip02.wav,D:\MTG_Jamendo_clips\model_7p5s\Q0090_clip03.wav,not_reviewed,
Q0091,0835631,Lock,D:\MTG_Jamendo_selected400\Lock\0835631.mp3,188.186,84.093,104.093,D:\MTG_Jamendo_clips\survey_20s\Q0091.wav,D:\MTG_Jamendo_clips\model_7p5s\Q0091_clip01.wav,D:\MTG_Jamendo_clips\model_7p5s\Q0091_clip02.wav,D:\MTG_Jamendo_clips\model_7p5s\Q0091_clip03.wav,not_reviewed,
Q0092,1384043,House,D:\MTG_Jamendo_selected400\House\1384043.mp3,217.678,98.839,118.839,D:\MTG_Jamendo_clips\survey_20s\Q0092.wav,D:\MTG_Jamendo_clips\model_7p5s\Q0092_clip01.wav,D:\MTG_Jamendo_clips\model_7p5s\Q0092_clip02.wav,D:\MTG_Jamendo_clips\model_7p5s\Q0092_clip03.wav,not_reviewed,
Q0093,0717715,Pop,D:\MTG_Jamendo_selected400\Pop\0717715.mp3,340.14,160.07,180.07,D:\MTG_Jamendo_clips\survey_20s\Q0093.wav,D:\MTG_Jamendo_clips\model_7p5s\Q0093_clip01.wav,D:\MTG_Jamendo_clips\model_7p5s\Q0093_clip02.wav,D:\MTG_Jamendo_clips\model_7p5s\Q0093_clip03.wav,not_reviewed,
Q0094,0089067,House,D:\MTG_Jamendo_selected400\House\0089067.mp3,469.786,224.893,244.893,D:\MTG_Jamendo_clips\survey_20s\Q0094.wav,D:\MTG_Jamendo_clips\model_7p5s\Q0094_clip01.wav,D:\MTG_Jamendo_clips\model_7p5s\Q0094_clip02.wav,D:\MTG_Jamendo_clips\model_7p5s\Q0094_clip03.wav,not_reviewed,
Q0095,0046047,House,D:\MTG_Jamendo_selected400\House\0046047.mp3,357.695,168.847,188.847,D:\MTG_Jamendo_clips\survey_20s\Q0095.wav,D:\MTG_Jamendo_clips\model_7p5s\Q0095_clip01.wav,D:\MTG_Jamendo_clips\model_7p5s\Q0095_clip02.wav,D:\MTG_Jamendo_clips\model_7p5s\Q0095_clip03.wav,not_reviewed,
Q0096,0802283,HipHop,D:\MTG_Jamendo_selected400\HipHop\0802283.mp3,212.715,96.358,116.358,D:\MTG_Jamendo_clips\survey_20s\Q0096.wav,D:\MTG_Jamendo_clips\model_7p5s\Q0096_clip01.wav,D:\MTG_Jamendo_clips\model_7p5s\Q0096_clip02.wav,D:\MTG_Jamendo_clips\model_7p5s\Q0096_clip03.wav,not_reviewed,
Q0097,0393820,HipHop,D:\MTG_Jamendo_selected400\HipHop\0393820.mp3,171.651,75.825,95.825,D:\MTG_Jamendo_clips\survey_20s\Q0097.wav,D:\MTG_Jamendo_clips\model_7p5s\Q0097_clip01.wav,D:\MTG_Jamendo_clips\model_7p5s\Q0097_clip02.wav,D:\MTG_Jamendo_clips\model_7p5s\Q0097_clip03.wav,not_reviewed,
Q0098,1152086,Pop,D:\MTG_Jamendo_selected400\Pop\1152086.mp3,144.039,62.02,82.02,D:\MTG_Jamendo_clips\survey_20s\Q0098.wav,D:\MTG_Jamendo_clips\model_7p5s\Q0098_clip01.wav,D:\MTG_Jamendo_clips\model_7p5s\Q0098_clip02.wav,D:\MTG_Jamendo_clips\model_7p5s\Q0098_clip03.wav,not_reviewed,
Q0099,1420425,Lock,D:\MTG_Jamendo_selected400\Lock\1420425.mp3,130.038,55.019,75.019,D:\MTG_Jamendo_clips\survey_20s\Q0099.wav,D:\MTG_Jamendo_clips\model_7p5s\Q0099_clip01.wav,D:\MTG_Jamendo_clips\model_7p5s\Q0099_clip02.wav,D:\MTG_Jamendo_clips\model_7p5s\Q0099_clip03.wav,not_reviewed,
Q0100,0203701,House,D:\MTG_Jamendo_selected400\House\0203701.mp3,196.598,88.299,108.299,D:\MTG_Jamendo_clips\survey_20s\Q0100.wav,D:\MTG_Jamendo_clips\model_7p5s\Q0100_clip01.wav,D:\MTG_Jamendo_clips\model_7p5s\Q0100_clip02.wav,D:\MTG_Jamendo_clips\model_7p5s\Q0100_clip03.wav,not_reviewed,
Q0101,1009559,HipHop,D:\MTG_Jamendo_selected400\HipHop\1009559.mp3,347.272,163.636,183.636,D:\MTG_Jamendo_clips\survey_20s\Q0101.wav,D:\MTG_Jamendo_clips\model_7p5s\Q0101_clip01.wav,D:\MTG_Jamendo_clips\model_7p5s\Q0101_clip02.wav,D:\MTG_Jamendo_clips\model_7p5s\Q0101_clip03.wav,not_reviewed,
Q0102,1419650,HipHop,D:\MTG_Jamendo_selected400\HipHop\1419650.mp3,258.769,119.384,139.384,D:\MTG_Jamendo_clips\survey_20s\Q0102.wav,D:\MTG_Jamendo_clips\model_7p5s\Q0102_clip01.wav,D:\MTG_Jamendo_clips\model_7p5s\Q0102_clip02.wav,D:\MTG_Jamendo_clips\model_7p5s\Q0102_clip03.wav,not_reviewed,
Q0103,1250039,Pop,D:\MTG_Jamendo_selected400\Pop\1250039.mp3,169.456,74.728,94.728,D:\MTG_Jamendo_clips\survey_20s\Q0103.wav,D:\MTG_Jamendo_clips\model_7p5s\Q0103_clip01.wav,D:\MTG_Jamendo_clips\model_7p5s\Q0103_clip02.wav,D:\MTG_Jamendo_clips\model_7p5s\Q0103_clip03.wav,not_reviewed,
Q0104,1174172,Lock,D:\MTG_Jamendo_selected400\Lock\1174172.mp3,299.86,139.93,159.93,D:\MTG_Jamendo_clips\survey_20s\Q0104.wav,D:\MTG_Jamendo_clips\model_7p5s\Q0104_clip01.wav,D:\MTG_Jamendo_clips\model_7p5s\Q0104_clip02.wav,D:\MTG_Jamendo_clips\model_7p5s\Q0104_clip03.wav,not_reviewed,
Q0105,1357451,House,D:\MTG_Jamendo_selected400\House\1357451.mp3,215.928,97.964,117.964,D:\MTG_Jamendo_clips\survey_20s\Q0105.wav,D:\MTG_Jamendo_clips\model_7p5s\Q0105_clip01.wav,D:\MTG_Jamendo_clips\model_7p5s\Q0105_clip02.wav,D:\MTG_Jamendo_clips\model_7p5s\Q0105_clip03.wav,not_reviewed,
Q0106,1011781,House,D:\MTG_Jamendo_selected400\House\1011781.mp3,375.04,177.52,197.52,D:\MTG_Jamendo_clips\survey_20s\Q0106.wav,D:\MTG_Jamendo_clips\model_7p5s\Q0106_clip01.wav,D:\MTG_Jamendo_clips\model_7p5s\Q0106_clip02.wav,D:\MTG_Jamendo_clips\model_7p5s\Q0106_clip03.wav,not_reviewed,
Q0107,0096795,Break,D:\MTG_Jamendo_selected400\Break\0096795.mp3,480.549,230.274,250.274,D:\MTG_Jamendo_clips\survey_20s\Q0107.wav,D:\MTG_Jamendo_clips\model_7p5s\Q0107_clip01.wav,D:\MTG_Jamendo_clips\model_7p5s\Q0107_clip02.wav,D:\MTG_Jamendo_clips\model_7p5s\Q0107_clip03.wav,not_reviewed,
Q0108,0005760,Lock,D:\MTG_Jamendo_selected400\Lock\0005760.mp3,281.835,130.918,150.918,D:\MTG_Jamendo_clips\survey_20s\Q0108.wav,D:\MTG_Jamendo_clips\model_7p5s\Q0108_clip01.wav,D:\MTG_Jamendo_clips\model_7p5s\Q0108_clip02.wav,D:\MTG_Jamendo_clips\model_7p5s\Q0108_clip03.wav,not_reviewed,
Q0109,1316648,HipHop,D:\MTG_Jamendo_selected400\HipHop\1316648.mp3,257.698,118.849,138.849,D:\MTG_Jamendo_clips\survey_20s\Q0109.wav,D:\MTG_Jamendo_clips\model_7p5s\Q0109_clip01.wav,D:\MTG_Jamendo_clips\model_7p5s\Q0109_clip02.wav,D:\MTG_Jamendo_clips\model_7p5s\Q0109_clip03.wav,not_reviewed,
Q0110,1312589,House,D:\MTG_Jamendo_selected400\House\1312589.mp3,201.038,90.519,110.519,D:\MTG_Jamendo_clips\survey_20s\Q0110.wav,D:\MTG_Jamendo_clips\model_7p5s\Q0110_clip01.wav,D:\MTG_Jamendo_clips\model_7p5s\Q0110_clip02.wav,D:\MTG_Jamendo_clips\model_7p5s\Q0110_clip03.wav,not_reviewed,
Q0111,1174879,Lock,D:\MTG_Jamendo_selected400\Lock\1174879.mp3,223.765,101.882,121.882,D:\MTG_Jamendo_clips\survey_20s\Q0111.wav,D:\MTG_Jamendo_clips\model_7p5s\Q0111_clip01.wav,D:\MTG_Jamendo_clips\model_7p5s\Q0111_clip02.wav,D:\MTG_Jamendo_clips\model_7p5s\Q0111_clip03.wav,not_reviewed,
Q0112,1121847,Pop,D:\MTG_Jamendo_selected400\Pop\1121847.mp3,253.518,116.759,136.759,D:\MTG_Jamendo_clips\survey_20s\Q0112.wav,D:\MTG_Jamendo_clips\model_7p5s\Q0112_clip01.wav,D:\MTG_Jamendo_clips\model_7p5s\Q0112_clip02.wav,D:\MTG_Jamendo_clips\model_7p5s\Q0112_clip03.wav,not_reviewed,
Q0113,1305123,House,D:\MTG_Jamendo_selected400\House\1305123.mp3,484.78,232.39,252.39,D:\MTG_Jamendo_clips\survey_20s\Q0113.wav,D:\MTG_Jamendo_clips\model_7p5s\Q0113_clip01.wav,D:\MTG_Jamendo_clips\model_7p5s\Q0113_clip02.wav,D:\MTG_Jamendo_clips\model_7p5s\Q0113_clip03.wav,not_reviewed,
Q0114,1079398,Lock,D:\MTG_Jamendo_selected400\Lock\1079398.mp3,258.336,119.168,139.168,D:\MTG_Jamendo_clips\survey_20s\Q0114.wav,D:\MTG_Jamendo_clips\model_7p5s\Q0114_clip01.wav,D:\MTG_Jamendo_clips\model_7p5s\Q0114_clip02.wav,D:\MTG_Jamendo_clips\model_7p5s\Q0114_clip03.wav,not_reviewed,
Q0115,1267981,HipHop,D:\MTG_Jamendo_selected400\HipHop\1267981.mp3,238.028,109.014,129.014,D:\MTG_Jamendo_clips\survey_20s\Q0115.wav,D:\MTG_Jamendo_clips\model_7p5s\Q0115_clip01.wav,D:\MTG_Jamendo_clips\model_7p5s\Q0115_clip02.wav,D:\MTG_Jamendo_clips\model_7p5s\Q0115_clip03.wav,not_reviewed,
Q0116,0899877,HipHop,D:\MTG_Jamendo_selected400\HipHop\0899877.mp3,237.087,108.544,128.544,D:\MTG_Jamendo_clips\survey_20s\Q0116.wav,D:\MTG_Jamendo_clips\model_7p5s\Q0116_clip01.wav,D:\MTG_Jamendo_clips\model_7p5s\Q0116_clip02.wav,D:\MTG_Jamendo_clips\model_7p5s\Q0116_clip03.wav,not_reviewed,
Q0117,0159815,Break,D:\MTG_Jamendo_selected400\Break\0159815.mp3,224.131,102.065,122.065,D:\MTG_Jamendo_clips\survey_20s\Q0117.wav,D:\MTG_Jamendo_clips\model_7p5s\Q0117_clip01.wav,D:\MTG_Jamendo_clips\model_7p5s\Q0117_clip02.wav,D:\MTG_Jamendo_clips\model_7p5s\Q0117_clip03.wav,not_reviewed,
Q0118,0661545,Lock,D:\MTG_Jamendo_selected400\Lock\0661545.mp3,181.264,80.632,100.632,D:\MTG_Jamendo_clips\survey_20s\Q0118.wav,D:\MTG_Jamendo_clips\model_7p5s\Q0118_clip01.wav,D:\MTG_Jamendo_clips\model_7p5s\Q0118_clip02.wav,D:\MTG_Jamendo_clips\model_7p5s\Q0118_clip03.wav,not_reviewed,
Q0119,0007394,Pop,D:\MTG_Jamendo_selected400\Pop\0007394.mp3,150.674,65.337,85.337,D:\MTG_Jamendo_clips\survey_20s\Q0119.wav,D:\MTG_Jamendo_clips\model_7p5s\Q0119_clip01.wav,D:\MTG_Jamendo_clips\model_7p5s\Q0119_clip02.wav,D:\MTG_Jamendo_clips\model_7p5s\Q0119_clip03.wav,not_reviewed,
Q0120,1385281,Break,D:\MTG_Jamendo_selected400\Break\1385281.mp3,216.869,98.434,118.434,D:\MTG_Jamendo_clips\survey_20s\Q0120.wav,D:\MTG_Jamendo_clips\model_7p5s\Q0120_clip01.wav,D:\MTG_Jamendo_clips\model_7p5s\Q0120_clip02.wav,D:\MTG_Jamendo_clips\model_7p5s\Q0120_clip03.wav,not_reviewed,
Q0121,1361132,Lock,D:\MTG_Jamendo_selected400\Lock\1361132.mp3,200.908,90.454,110.454,D:\MTG_Jamendo_clips\survey_20s\Q0121.wav,D:\MTG_Jamendo_clips\model_7p5s\Q0121_clip01.wav,D:\MTG_Jamendo_clips\model_7p5s\Q0121_clip02.wav,D:\MTG_Jamendo_clips\model_7p5s\Q0121_clip03.wav,not_reviewed,
Q0122,0080934,Break,D:\MTG_Jamendo_selected400\Break\0080934.mp3,258.038,119.019,139.019,D:\MTG_Jamendo_clips\survey_20s\Q0122.wav,D:\MTG_Jamendo_clips\model_7p5s\Q0122_clip01.wav,D:\MTG_Jamendo_clips\model_7p5s\Q0122_clip02.wav,D:\MTG_Jamendo_clips\model_7p5s\Q0122_clip03.wav,not_reviewed,
Q0123,1405471,Pop,D:\MTG_Jamendo_selected400\Pop\1405471.mp3,67.265,23.633,43.633,D:\MTG_Jamendo_clips\survey_20s\Q0123.wav,D:\MTG_Jamendo_clips\model_7p5s\Q0123_clip01.wav,D:\MTG_Jamendo_clips\model_7p5s\Q0123_clip02.wav,D:\MTG_Jamendo_clips\model_7p5s\Q0123_clip03.wav,not_reviewed,
Q0124,1072437,Lock,D:\MTG_Jamendo_selected400\Lock\1072437.mp3,401.058,190.529,210.529,D:\MTG_Jamendo_clips\survey_20s\Q0124.wav,D:\MTG_Jamendo_clips\model_7p5s\Q0124_clip01.wav,D:\MTG_Jamendo_clips\model_7p5s\Q0124_clip02.wav,D:\MTG_Jamendo_clips\model_7p5s\Q0124_clip03.wav,not_reviewed,
Q0125,1100886,HipHop,D:\MTG_Jamendo_selected400\HipHop\1100886.mp3,218.331,99.166,119.166,D:\MTG_Jamendo_clips\survey_20s\Q0125.wav,D:\MTG_Jamendo_clips\model_7p5s\Q0125_clip01.wav,D:\MTG_Jamendo_clips\model_7p5s\Q0125_clip02.wav,D:\MTG_Jamendo_clips\model_7p5s\Q0125_clip03.wav,not_reviewed,
Q0126,1366203,HipHop,D:\MTG_Jamendo_selected400\HipHop\1366203.mp3,160.836,70.418,90.418,D:\MTG_Jamendo_clips\survey_20s\Q0126.wav,D:\MTG_Jamendo_clips\model_7p5s\Q0126_clip01.wav,D:\MTG_Jamendo_clips\model_7p5s\Q0126_clip02.wav,D:\MTG_Jamendo_clips\model_7p5s\Q0126_clip03.wav,not_reviewed,
Q0127,0745014,House,D:\MTG_Jamendo_selected400\House\0745014.mp3,308.219,144.109,164.109,D:\MTG_Jamendo_clips\survey_20s\Q0127.wav,D:\MTG_Jamendo_clips\model_7p5s\Q0127_clip01.wav,D:\MTG_Jamendo_clips\model_7p5s\Q0127_clip02.wav,D:\MTG_Jamendo_clips\model_7p5s\Q0127_clip03.wav,not_reviewed,
Q0128,1130913,HipHop,D:\MTG_Jamendo_selected400\HipHop\1130913.mp3,192.052,86.026,106.026,D:\MTG_Jamendo_clips\survey_20s\Q0128.wav,D:\MTG_Jamendo_clips\model_7p5s\Q0128_clip01.wav,D:\MTG_Jamendo_clips\model_7p5s\Q0128_clip02.wav,D:\MTG_Jamendo_clips\model_7p5s\Q0128_clip03.wav,not_reviewed,
Q0129,0349289,Break,D:\MTG_Jamendo_selected400\Break\0349289.mp3,307.435,143.718,163.718,D:\MTG_Jamendo_clips\survey_20s\Q0129.wav,D:\MTG_Jamendo_clips\model_7p5s\Q0129_clip01.wav,D:\MTG_Jamendo_clips\model_7p5s\Q0129_clip02.wav,D:\MTG_Jamendo_clips\model_7p5s\Q0129_clip03.wav,not_reviewed,
Q0130,0166409,Lock,D:\MTG_Jamendo_selected400\Lock\0166409.mp3,369.685,174.842,194.842,D:\MTG_Jamendo_clips\survey_20s\Q0130.wav,D:\MTG_Jamendo_clips\model_7p5s\Q0130_clip01.wav,D:\MTG_Jamendo_clips\model_7p5s\Q0130_clip02.wav,D:\MTG_Jamendo_clips\model_7p5s\Q0130_clip03.wav,not_reviewed,
Q0131,1157597,HipHop,D:\MTG_Jamendo_selected400\HipHop\1157597.mp3,89.469,34.735,54.735,D:\MTG_Jamendo_clips\survey_20s\Q0131.wav,D:\MTG_Jamendo_clips\model_7p5s\Q0131_clip01.wav,D:\MTG_Jamendo_clips\model_7p5s\Q0131_clip02.wav,D:\MTG_Jamendo_clips\model_7p5s\Q0131_clip03.wav,not_reviewed,
Q0132,0116104,Lock,D:\MTG_Jamendo_selected400\Lock\0116104.mp3,315.115,147.558,167.558,D:\MTG_Jamendo_clips\survey_20s\Q0132.wav,D:\MTG_Jamendo_clips\model_7p5s\Q0132_clip01.wav,D:\MTG_Jamendo_clips\model_7p5s\Q0132_clip02.wav,D:\MTG_Jamendo_clips\model_7p5s\Q0132_clip03.wav,not_reviewed,
Q0133,1066755,Lock,D:\MTG_Jamendo_selected400\Lock\1066755.mp3,203.363,91.682,111.682,D:\MTG_Jamendo_clips\survey_20s\Q0133.wav,D:\MTG_Jamendo_clips\model_7p5s\Q0133_clip01.wav,D:\MTG_Jamendo_clips\model_7p5s\Q0133_clip02.wav,D:\MTG_Jamendo_clips\model_7p5s\Q0133_clip03.wav,not_reviewed,
Q0134,1413889,HipHop,D:\MTG_Jamendo_selected400\HipHop\1413889.mp3,262.478,121.239,141.239,D:\MTG_Jamendo_clips\survey_20s\Q0134.wav,D:\MTG_Jamendo_clips\model_7p5s\Q0134_clip01.wav,D:\MTG_Jamendo_clips\model_7p5s\Q0134_clip02.wav,D:\MTG_Jamendo_clips\model_7p5s\Q0134_clip03.wav,not_reviewed,
Q0135,0548601,Pop,D:\MTG_Jamendo_selected400\Pop\0548601.mp3,231.184,105.592,125.592,D:\MTG_Jamendo_clips\survey_20s\Q0135.wav,D:\MTG_Jamendo_clips\model_7p5s\Q0135_clip01.wav,D:\MTG_Jamendo_clips\model_7p5s\Q0135_clip02.wav,D:\MTG_Jamendo_clips\model_7p5s\Q0135_clip03.wav,not_reviewed,
Q0136,1383959,Pop,D:\MTG_Jamendo_selected400\Pop\1383959.mp3,289.75,134.875,154.875,D:\MTG_Jamendo_clips\survey_20s\Q0136.wav,D:\MTG_Jamendo_clips\model_7p5s\Q0136_clip01.wav,D:\MTG_Jamendo_clips\model_7p5s\Q0136_clip02.wav,D:\MTG_Jamendo_clips\model_7p5s\Q0136_clip03.wav,not_reviewed,
Q0137,1372077,HipHop,D:\MTG_Jamendo_selected400\HipHop\1372077.mp3,227.605,103.802,123.802,D:\MTG_Jamendo_clips\survey_20s\Q0137.wav,D:\MTG_Jamendo_clips\model_7p5s\Q0137_clip01.wav,D:\MTG_Jamendo_clips\model_7p5s\Q0137_clip02.wav,D:\MTG_Jamendo_clips\model_7p5s\Q0137_clip03.wav,not_reviewed,
Q0138,1086307,Pop,D:\MTG_Jamendo_selected400\Pop\1086307.mp3,223.242,101.621,121.621,D:\MTG_Jamendo_clips\survey_20s\Q0138.wav,D:\MTG_Jamendo_clips\model_7p5s\Q0138_clip01.wav,D:\MTG_Jamendo_clips\model_7p5s\Q0138_clip02.wav,D:\MTG_Jamendo_clips\model_7p5s\Q0138_clip03.wav,not_reviewed,
Q0139,0944904,House,D:\MTG_Jamendo_selected400\House\0944904.mp3,235.102,107.551,127.551,D:\MTG_Jamendo_clips\survey_20s\Q0139.wav,D:\MTG_Jamendo_clips\model_7p5s\Q0139_clip01.wav,D:\MTG_Jamendo_clips\model_7p5s\Q0139_clip02.wav,D:\MTG_Jamendo_clips\model_7p5s\Q0139_clip03.wav,not_reviewed,
Q0140,1231343,Pop,D:\MTG_Jamendo_selected400\Pop\1231343.mp3,230.426,105.213,125.213,D:\MTG_Jamendo_clips\survey_20s\Q0140.wav,D:\MTG_Jamendo_clips\model_7p5s\Q0140_clip01.wav,D:\MTG_Jamendo_clips\model_7p5s\Q0140_clip02.wav,D:\MTG_Jamendo_clips\model_7p5s\Q0140_clip03.wav,not_reviewed,
Q0141,0916171,Pop,D:\MTG_Jamendo_selected400\Pop\0916171.mp3,254.798,117.399,137.399,D:\MTG_Jamendo_clips\survey_20s\Q0141.wav,D:\MTG_Jamendo_clips\model_7p5s\Q0141_clip01.wav,D:\MTG_Jamendo_clips\model_7p5s\Q0141_clip02.wav,D:\MTG_Jamendo_clips\model_7p5s\Q0141_clip03.wav,not_reviewed,
Q0142,1029333,HipHop,D:\MTG_Jamendo_selected400\HipHop\1029333.mp3,275.043,127.522,147.522,D:\MTG_Jamendo_clips\survey_20s\Q0142.wav,D:\MTG_Jamendo_clips\model_7p5s\Q0142_clip01.wav,D:\MTG_Jamendo_clips\model_7p5s\Q0142_clip02.wav,D:\MTG_Jamendo_clips\model_7p5s\Q0142_clip03.wav,not_reviewed,
Q0143,1074917,House,D:\MTG_Jamendo_selected400\House\1074917.mp3,261.538,120.769,140.769,D:\MTG_Jamendo_clips\survey_20s\Q0143.wav,D:\MTG_Jamendo_clips\model_7p5s\Q0143_clip01.wav,D:\MTG_Jamendo_clips\model_7p5s\Q0143_clip02.wav,D:\MTG_Jamendo_clips\model_7p5s\Q0143_clip03.wav,not_reviewed,
Q0144,0855359,Break,D:\MTG_Jamendo_selected400\Break\0855359.mp3,345.626,162.813,182.813,D:\MTG_Jamendo_clips\survey_20s\Q0144.wav,D:\MTG_Jamendo_clips\model_7p5s\Q0144_clip01.wav,D:\MTG_Jamendo_clips\model_7p5s\Q0144_clip02.wav,D:\MTG_Jamendo_clips\model_7p5s\Q0144_clip03.wav,not_reviewed,
Q0145,1271905,Pop,D:\MTG_Jamendo_selected400\Pop\1271905.mp3,242.678,111.339,131.339,D:\MTG_Jamendo_clips\survey_20s\Q0145.wav,D:\MTG_Jamendo_clips\model_7p5s\Q0145_clip01.wav,D:\MTG_Jamendo_clips\model_7p5s\Q0145_clip02.wav,D:\MTG_Jamendo_clips\model_7p5s\Q0145_clip03.wav,not_reviewed,
Q0146,0258836,Pop,D:\MTG_Jamendo_selected400\Pop\0258836.mp3,367.491,173.745,193.745,D:\MTG_Jamendo_clips\survey_20s\Q0146.wav,D:\MTG_Jamendo_clips\model_7p5s\Q0146_clip01.wav,D:\MTG_Jamendo_clips\model_7p5s\Q0146_clip02.wav,D:\MTG_Jamendo_clips\model_7p5s\Q0146_clip03.wav,not_reviewed,
Q0147,1072595,HipHop,D:\MTG_Jamendo_selected400\HipHop\1072595.mp3,480.026,230.013,250.013,D:\MTG_Jamendo_clips\survey_20s\Q0147.wav,D:\MTG_Jamendo_clips\model_7p5s\Q0147_clip01.wav,D:\MTG_Jamendo_clips\model_7p5s\Q0147_clip02.wav,D:\MTG_Jamendo_clips\model_7p5s\Q0147_clip03.wav,not_reviewed,
Q0148,1146828,House,D:\MTG_Jamendo_selected400\House\1146828.mp3,258.038,119.019,139.019,D:\MTG_Jamendo_clips\survey_20s\Q0148.wav,D:\MTG_Jamendo_clips\model_7p5s\Q0148_clip01.wav,D:\MTG_Jamendo_clips\model_7p5s\Q0148_clip02.wav,D:\MTG_Jamendo_clips\model_7p5s\Q0148_clip03.wav,not_reviewed,
Q0149,0639525,HipHop,D:\MTG_Jamendo_selected400\HipHop\0639525.mp3,230.165,105.082,125.082,D:\MTG_Jamendo_clips\survey_20s\Q0149.wav,D:\MTG_Jamendo_clips\model_7p5s\Q0149_clip01.wav,D:\MTG_Jamendo_clips\model_7p5s\Q0149_clip02.wav,D:\MTG_Jamendo_clips\model_7p5s\Q0149_clip03.wav,not_reviewed,
Q0150,1187979,Pop,D:\MTG_Jamendo_selected400\Pop\1187979.mp3,253.518,116.759,136.759,D:\MTG_Jamendo_clips\survey_20s\Q0150.wav,D:\MTG_Jamendo_clips\model_7p5s\Q0150_clip01.wav,D:\MTG_Jamendo_clips\model_7p5s\Q0150_clip02.wav,D:\MTG_Jamendo_clips\model_7p5s\Q0150_clip03.wav,not_reviewed,
Q0151,1367203,HipHop,D:\MTG_Jamendo_selected400\HipHop\1367203.mp3,228.18,104.09,124.09,D:\MTG_Jamendo_clips\survey_20s\Q0151.wav,D:\MTG_Jamendo_clips\model_7p5s\Q0151_clip01.wav,D:\MTG_Jamendo_clips\model_7p5s\Q0151_clip02.wav,D:\MTG_Jamendo_clips\model_7p5s\Q0151_clip03.wav,not_reviewed,
Q0152,1056638,Lock,D:\MTG_Jamendo_selected400\Lock\1056638.mp3,82.834,31.417,51.417,D:\MTG_Jamendo_clips\survey_20s\Q0152.wav,D:\MTG_Jamendo_clips\model_7p5s\Q0152_clip01.wav,D:\MTG_Jamendo_clips\model_7p5s\Q0152_clip02.wav,D:\MTG_Jamendo_clips\model_7p5s\Q0152_clip03.wav,not_reviewed,
Q0153,1239475,Break,D:\MTG_Jamendo_selected400\Break\1239475.mp3,312.085,146.042,166.042,D:\MTG_Jamendo_clips\survey_20s\Q0153.wav,D:\MTG_Jamendo_clips\model_7p5s\Q0153_clip01.wav,D:\MTG_Jamendo_clips\model_7p5s\Q0153_clip02.wav,D:\MTG_Jamendo_clips\model_7p5s\Q0153_clip03.wav,not_reviewed,
Q0154,1041354,HipHop,D:\MTG_Jamendo_selected400\HipHop\1041354.mp3,140.748,60.374,80.374,D:\MTG_Jamendo_clips\survey_20s\Q0154.wav,D:\MTG_Jamendo_clips\model_7p5s\Q0154_clip01.wav,D:\MTG_Jamendo_clips\model_7p5s\Q0154_clip02.wav,D:\MTG_Jamendo_clips\model_7p5s\Q0154_clip03.wav,not_reviewed,
Q0155,1399777,HipHop,D:\MTG_Jamendo_selected400\HipHop\1399777.mp3,285.336,132.668,152.668,D:\MTG_Jamendo_clips\survey_20s\Q0155.wav,D:\MTG_Jamendo_clips\model_7p5s\Q0155_clip01.wav,D:\MTG_Jamendo_clips\model_7p5s\Q0155_clip02.wav,D:\MTG_Jamendo_clips\model_7p5s\Q0155_clip03.wav,not_reviewed,
Q0156,1340338,Break,D:\MTG_Jamendo_selected400\Break\1340338.mp3,240.039,110.02,130.02,D:\MTG_Jamendo_clips\survey_20s\Q0156.wav,D:\MTG_Jamendo_clips\model_7p5s\Q0156_clip01.wav,D:\MTG_Jamendo_clips\model_7p5s\Q0156_clip02.wav,D:\MTG_Jamendo_clips\model_7p5s\Q0156_clip03.wav,not_reviewed,
Q0157,1204460,House,D:\MTG_Jamendo_selected400\House\1204460.mp3,192.078,86.039,106.039,D:\MTG_Jamendo_clips\survey_20s\Q0157.wav,D:\MTG_Jamendo_clips\model_7p5s\Q0157_clip01.wav,D:\MTG_Jamendo_clips\model_7p5s\Q0157_clip02.wav,D:\MTG_Jamendo_clips\model_7p5s\Q0157_clip03.wav,not_reviewed,
Q0158,1338385,HipHop,D:\MTG_Jamendo_selected400\HipHop\1338385.mp3,197.381,88.691,108.691,D:\MTG_Jamendo_clips\survey_20s\Q0158.wav,D:\MTG_Jamendo_clips\model_7p5s\Q0158_clip01.wav,D:\MTG_Jamendo_clips\model_7p5s\Q0158_clip02.wav,D:\MTG_Jamendo_clips\model_7p5s\Q0158_clip03.wav,not_reviewed,
Q0159,1337809,HipHop,D:\MTG_Jamendo_selected400\HipHop\1337809.mp3,276.95,128.475,148.475,D:\MTG_Jamendo_clips\survey_20s\Q0159.wav,D:\MTG_Jamendo_clips\model_7p5s\Q0159_clip01.wav,D:\MTG_Jamendo_clips\model_7p5s\Q0159_clip02.wav,D:\MTG_Jamendo_clips\model_7p5s\Q0159_clip03.wav,not_reviewed,
Q0160,1210595,Lock,D:\MTG_Jamendo_selected400\Lock\1210595.mp3,344.059,162.029,182.029,D:\MTG_Jamendo_clips\survey_20s\Q0160.wav,D:\MTG_Jamendo_clips\model_7p5s\Q0160_clip01.wav,D:\MTG_Jamendo_clips\model_7p5s\Q0160_clip02.wav,D:\MTG_Jamendo_clips\model_7p5s\Q0160_clip03.wav,not_reviewed,
Q0161,1413320,House,D:\MTG_Jamendo_selected400\House\1413320.mp3,299.546,139.773,159.773,D:\MTG_Jamendo_clips\survey_20s\Q0161.wav,D:\MTG_Jamendo_clips\model_7p5s\Q0161_clip01.wav,D:\MTG_Jamendo_clips\model_7p5s\Q0161_clip02.wav,D:\MTG_Jamendo_clips\model_7p5s\Q0161_clip03.wav,not_reviewed,
Q0162,1146086,House,D:\MTG_Jamendo_selected400\House\1146086.mp3,464.562,222.281,242.281,D:\MTG_Jamendo_clips\survey_20s\Q0162.wav,D:\MTG_Jamendo_clips\model_7p5s\Q0162_clip01.wav,D:\MTG_Jamendo_clips\model_7p5s\Q0162_clip02.wav,D:\MTG_Jamendo_clips\model_7p5s\Q0162_clip03.wav,not_reviewed,
Q0163,1404017,Lock,D:\MTG_Jamendo_selected400\Lock\1404017.mp3,184.372,82.186,102.186,D:\MTG_Jamendo_clips\survey_20s\Q0163.wav,D:\MTG_Jamendo_clips\model_7p5s\Q0163_clip01.wav,D:\MTG_Jamendo_clips\model_7p5s\Q0163_clip02.wav,D:\MTG_Jamendo_clips\model_7p5s\Q0163_clip03.wav,not_reviewed,
Q0164,1195124,Lock,D:\MTG_Jamendo_selected400\Lock\1195124.mp3,254.877,117.438,137.438,D:\MTG_Jamendo_clips\survey_20s\Q0164.wav,D:\MTG_Jamendo_clips\model_7p5s\Q0164_clip01.wav,D:\MTG_Jamendo_clips\model_7p5s\Q0164_clip02.wav,D:\MTG_Jamendo_clips\model_7p5s\Q0164_clip03.wav,not_reviewed,
Q0165,1336427,Break,D:\MTG_Jamendo_selected400\Break\1336427.mp3,230.896,105.448,125.448,D:\MTG_Jamendo_clips\survey_20s\Q0165.wav,D:\MTG_Jamendo_clips\model_7p5s\Q0165_clip01.wav,D:\MTG_Jamendo_clips\model_7p5s\Q0165_clip02.wav,D:\MTG_Jamendo_clips\model_7p5s\Q0165_clip03.wav,not_reviewed,
Q0166,1256022,HipHop,D:\MTG_Jamendo_selected400\HipHop\1256022.mp3,260.989,120.495,140.495,D:\MTG_Jamendo_clips\survey_20s\Q0166.wav,D:\MTG_Jamendo_clips\model_7p5s\Q0166_clip01.wav,D:\MTG_Jamendo_clips\model_7p5s\Q0166_clip02.wav,D:\MTG_Jamendo_clips\model_7p5s\Q0166_clip03.wav,not_reviewed,
Q0167,0395474,House,D:\MTG_Jamendo_selected400\House\0395474.mp3,490.945,235.473,255.473,D:\MTG_Jamendo_clips\survey_20s\Q0167.wav,D:\MTG_Jamendo_clips\model_7p5s\Q0167_clip01.wav,D:\MTG_Jamendo_clips\model_7p5s\Q0167_clip02.wav,D:\MTG_Jamendo_clips\model_7p5s\Q0167_clip03.wav,not_reviewed,
Q0168,0159330,HipHop,D:\MTG_Jamendo_selected400\HipHop\0159330.mp3,213.624,96.812,116.812,D:\MTG_Jamendo_clips\survey_20s\Q0168.wav,D:\MTG_Jamendo_clips\model_7p5s\Q0168_clip01.wav,D:\MTG_Jamendo_clips\model_7p5s\Q0168_clip02.wav,D:\MTG_Jamendo_clips\model_7p5s\Q0168_clip03.wav,not_reviewed,
Q0169,0134323,Break,D:\MTG_Jamendo_selected400\Break\0134323.mp3,77.688,28.844,48.844,D:\MTG_Jamendo_clips\survey_20s\Q0169.wav,D:\MTG_Jamendo_clips\model_7p5s\Q0169_clip01.wav,D:\MTG_Jamendo_clips\model_7p5s\Q0169_clip02.wav,D:\MTG_Jamendo_clips\model_7p5s\Q0169_clip03.wav,not_reviewed,
Q0170,1228623,Pop,D:\MTG_Jamendo_selected400\Pop\1228623.mp3,230.87,105.435,125.435,D:\MTG_Jamendo_clips\survey_20s\Q0170.wav,D:\MTG_Jamendo_clips\model_7p5s\Q0170_clip01.wav,D:\MTG_Jamendo_clips\model_7p5s\Q0170_clip02.wav,D:\MTG_Jamendo_clips\model_7p5s\Q0170_clip03.wav,not_reviewed,
Q0171,0658529,House,D:\MTG_Jamendo_selected400\House\0658529.mp3,439.51,209.755,229.755,D:\MTG_Jamendo_clips\survey_20s\Q0171.wav,D:\MTG_Jamendo_clips\model_7p5s\Q0171_clip01.wav,D:\MTG_Jamendo_clips\model_7p5s\Q0171_clip02.wav,D:\MTG_Jamendo_clips\model_7p5s\Q0171_clip03.wav,not_reviewed,
Q0172,1317550,Pop,D:\MTG_Jamendo_selected400\Pop\1317550.mp3,137.038,58.519,78.519,D:\MTG_Jamendo_clips\survey_20s\Q0172.wav,D:\MTG_Jamendo_clips\model_7p5s\Q0172_clip01.wav,D:\MTG_Jamendo_clips\model_7p5s\Q0172_clip02.wav,D:\MTG_Jamendo_clips\model_7p5s\Q0172_clip03.wav,not_reviewed,
Q0173,1190864,Lock,D:\MTG_Jamendo_selected400\Lock\1190864.mp3,170.762,75.381,95.381,D:\MTG_Jamendo_clips\survey_20s\Q0173.wav,D:\MTG_Jamendo_clips\model_7p5s\Q0173_clip01.wav,D:\MTG_Jamendo_clips\model_7p5s\Q0173_clip02.wav,D:\MTG_Jamendo_clips\model_7p5s\Q0173_clip03.wav,not_reviewed,
Q0174,0338084,Break,D:\MTG_Jamendo_selected400\Break\0338084.mp3,418.116,199.058,219.058,D:\MTG_Jamendo_clips\survey_20s\Q0174.wav,D:\MTG_Jamendo_clips\model_7p5s\Q0174_clip01.wav,D:\MTG_Jamendo_clips\model_7p5s\Q0174_clip02.wav,D:\MTG_Jamendo_clips\model_7p5s\Q0174_clip03.wav,not_reviewed,
Q0175,1294867,Pop,D:\MTG_Jamendo_selected400\Pop\1294867.mp3,228.153,104.077,124.077,D:\MTG_Jamendo_clips\survey_20s\Q0175.wav,D:\MTG_Jamendo_clips\model_7p5s\Q0175_clip01.wav,D:\MTG_Jamendo_clips\model_7p5s\Q0175_clip02.wav,D:\MTG_Jamendo_clips\model_7p5s\Q0175_clip03.wav,not_reviewed,
Q0176,1030283,Lock,D:\MTG_Jamendo_selected400\Lock\1030283.mp3,218.828,99.414,119.414,D:\MTG_Jamendo_clips\survey_20s\Q0176.wav,D:\MTG_Jamendo_clips\model_7p5s\Q0176_clip01.wav,D:\MTG_Jamendo_clips\model_7p5s\Q0176_clip02.wav,D:\MTG_Jamendo_clips\model_7p5s\Q0176_clip03.wav,not_reviewed,
Q0177,0757533,House,D:\MTG_Jamendo_selected400\House\0757533.mp3,217.887,98.944,118.944,D:\MTG_Jamendo_clips\survey_20s\Q0177.wav,D:\MTG_Jamendo_clips\model_7p5s\Q0177_clip01.wav,D:\MTG_Jamendo_clips\model_7p5s\Q0177_clip02.wav,D:\MTG_Jamendo_clips\model_7p5s\Q0177_clip03.wav,not_reviewed,
Q0178,0819060,Lock,D:\MTG_Jamendo_selected400\Lock\0819060.mp3,228.598,104.299,124.299,D:\MTG_Jamendo_clips\survey_20s\Q0178.wav,D:\MTG_Jamendo_clips\model_7p5s\Q0178_clip01.wav,D:\MTG_Jamendo_clips\model_7p5s\Q0178_clip02.wav,D:\MTG_Jamendo_clips\model_7p5s\Q0178_clip03.wav,not_reviewed,
Q0179,1320631,HipHop,D:\MTG_Jamendo_selected400\HipHop\1320631.mp3,181.969,80.984,100.984,D:\MTG_Jamendo_clips\survey_20s\Q0179.wav,D:\MTG_Jamendo_clips\model_7p5s\Q0179_clip01.wav,D:\MTG_Jamendo_clips\model_7p5s\Q0179_clip02.wav,D:\MTG_Jamendo_clips\model_7p5s\Q0179_clip03.wav,not_reviewed,
Q0180,0602757,Lock,D:\MTG_Jamendo_selected400\Lock\0602757.mp3,124.029,52.015,72.015,D:\MTG_Jamendo_clips\survey_20s\Q0180.wav,D:\MTG_Jamendo_clips\model_7p5s\Q0180_clip01.wav,D:\MTG_Jamendo_clips\model_7p5s\Q0180_clip02.wav,D:\MTG_Jamendo_clips\model_7p5s\Q0180_clip03.wav,not_reviewed,
Q0181,0830773,Lock,D:\MTG_Jamendo_selected400\Lock\0830773.mp3,201.038,90.519,110.519,D:\MTG_Jamendo_clips\survey_20s\Q0181.wav,D:\MTG_Jamendo_clips\model_7p5s\Q0181_clip01.wav,D:\MTG_Jamendo_clips\model_7p5s\Q0181_clip02.wav,D:\MTG_Jamendo_clips\model_7p5s\Q0181_clip03.wav,not_reviewed,
Q0182,0193905,HipHop,D:\MTG_Jamendo_selected400\HipHop\0193905.mp3,215.51,97.755,117.755,D:\MTG_Jamendo_clips\survey_20s\Q0182.wav,D:\MTG_Jamendo_clips\model_7p5s\Q0182_clip01.wav,D:\MTG_Jamendo_clips\model_7p5s\Q0182_clip02.wav,D:\MTG_Jamendo_clips\model_7p5s\Q0182_clip03.wav,not_reviewed,
Q0183,1247373,Lock,D:\MTG_Jamendo_selected400\Lock\1247373.mp3,354.534,167.267,187.267,D:\MTG_Jamendo_clips\survey_20s\Q0183.wav,D:\MTG_Jamendo_clips\model_7p5s\Q0183_clip01.wav,D:\MTG_Jamendo_clips\model_7p5s\Q0183_clip02.wav,D:\MTG_Jamendo_clips\model_7p5s\Q0183_clip03.wav,not_reviewed,
Q0184,0625206,Lock,D:\MTG_Jamendo_selected400\Lock\0625206.mp3,235.807,107.904,127.904,D:\MTG_Jamendo_clips\survey_20s\Q0184.wav,D:\MTG_Jamendo_clips\model_7p5s\Q0184_clip01.wav,D:\MTG_Jamendo_clips\model_7p5s\Q0184_clip02.wav,D:\MTG_Jamendo_clips\model_7p5s\Q0184_clip03.wav,not_reviewed,
Q0185,1032559,Pop,D:\MTG_Jamendo_selected400\Pop\1032559.mp3,235.259,107.629,127.629,D:\MTG_Jamendo_clips\survey_20s\Q0185.wav,D:\MTG_Jamendo_clips\model_7p5s\Q0185_clip01.wav,D:\MTG_Jamendo_clips\model_7p5s\Q0185_clip02.wav,D:\MTG_Jamendo_clips\model_7p5s\Q0185_clip03.wav,not_reviewed,
Q0186,0984674,Break,D:\MTG_Jamendo_selected400\Break\0984674.mp3,289.698,134.849,154.849,D:\MTG_Jamendo_clips\survey_20s\Q0186.wav,D:\MTG_Jamendo_clips\model_7p5s\Q0186_clip01.wav,D:\MTG_Jamendo_clips\model_7p5s\Q0186_clip02.wav,D:\MTG_Jamendo_clips\model_7p5s\Q0186_clip03.wav,not_reviewed,
Q0187,1143990,HipHop,D:\MTG_Jamendo_selected400\HipHop\1143990.mp3,213.368,96.684,116.684,D:\MTG_Jamendo_clips\survey_20s\Q0187.wav,D:\MTG_Jamendo_clips\model_7p5s\Q0187_clip01.wav,D:\MTG_Jamendo_clips\model_7p5s\Q0187_clip02.wav,D:\MTG_Jamendo_clips\model_7p5s\Q0187_clip03.wav,not_reviewed,
Q0188,1264197,HipHop,D:\MTG_Jamendo_selected400\HipHop\1264197.mp3,127.66,53.83,73.83,D:\MTG_Jamendo_clips\survey_20s\Q0188.wav,D:\MTG_Jamendo_clips\model_7p5s\Q0188_clip01.wav,D:\MTG_Jamendo_clips\model_7p5s\Q0188_clip02.wav,D:\MTG_Jamendo_clips\model_7p5s\Q0188_clip03.wav,not_reviewed,
Q0189,0935791,Pop,D:\MTG_Jamendo_selected400\Pop\0935791.mp3,244.036,112.018,132.018,D:\MTG_Jamendo_clips\survey_20s\Q0189.wav,D:\MTG_Jamendo_clips\model_7p5s\Q0189_clip01.wav,D:\MTG_Jamendo_clips\model_7p5s\Q0189_clip02.wav,D:\MTG_Jamendo_clips\model_7p5s\Q0189_clip03.wav,not_reviewed,
Q0190,0005859,Lock,D:\MTG_Jamendo_selected400\Lock\0005859.mp3,184.32,82.16,102.16,D:\MTG_Jamendo_clips\survey_20s\Q0190.wav,D:\MTG_Jamendo_clips\model_7p5s\Q0190_clip01.wav,D:\MTG_Jamendo_clips\model_7p5s\Q0190_clip02.wav,D:\MTG_Jamendo_clips\model_7p5s\Q0190_clip03.wav,not_reviewed,
Q0191,1299788,Lock,D:\MTG_Jamendo_selected400\Lock\1299788.mp3,202.031,91.016,111.016,D:\MTG_Jamendo_clips\survey_20s\Q0191.wav,D:\MTG_Jamendo_clips\model_7p5s\Q0191_clip01.wav,D:\MTG_Jamendo_clips\model_7p5s\Q0191_clip02.wav,D:\MTG_Jamendo_clips\model_7p5s\Q0191_clip03.wav,not_reviewed,
Q0192,0244162,House,D:\MTG_Jamendo_selected400\House\0244162.mp3,320.836,150.418,170.418,D:\MTG_Jamendo_clips\survey_20s\Q0192.wav,D:\MTG_Jamendo_clips\model_7p5s\Q0192_clip01.wav,D:\MTG_Jamendo_clips\model_7p5s\Q0192_clip02.wav,D:\MTG_Jamendo_clips\model_7p5s\Q0192_clip03.wav,not_reviewed,
Q0193,1029263,HipHop,D:\MTG_Jamendo_selected400\HipHop\1029263.mp3,106.71,43.355,63.355,D:\MTG_Jamendo_clips\survey_20s\Q0193.wav,D:\MTG_Jamendo_clips\model_7p5s\Q0193_clip01.wav,D:\MTG_Jamendo_clips\model_7p5s\Q0193_clip02.wav,D:\MTG_Jamendo_clips\model_7p5s\Q0193_clip03.wav,not_reviewed,
Q0194,1168875,Pop,D:\MTG_Jamendo_selected400\Pop\1168875.mp3,275.618,127.809,147.809,D:\MTG_Jamendo_clips\survey_20s\Q0194.wav,D:\MTG_Jamendo_clips\model_7p5s\Q0194_clip01.wav,D:\MTG_Jamendo_clips\model_7p5s\Q0194_clip02.wav,D:\MTG_Jamendo_clips\model_7p5s\Q0194_clip03.wav,not_reviewed,
Q0195,0889180,House,D:\MTG_Jamendo_selected400\House\0889180.mp3,434.233,207.117,227.117,D:\MTG_Jamendo_clips\survey_20s\Q0195.wav,D:\MTG_Jamendo_clips\model_7p5s\Q0195_clip01.wav,D:\MTG_Jamendo_clips\model_7p5s\Q0195_clip02.wav,D:\MTG_Jamendo_clips\model_7p5s\Q0195_clip03.wav,not_reviewed,
Q0196,0236405,Pop,D:\MTG_Jamendo_selected400\Pop\0236405.mp3,258.038,119.019,139.019,D:\MTG_Jamendo_clips\survey_20s\Q0196.wav,D:\MTG_Jamendo_clips\model_7p5s\Q0196_clip01.wav,D:\MTG_Jamendo_clips\model_7p5s\Q0196_clip02.wav,D:\MTG_Jamendo_clips\model_7p5s\Q0196_clip03.wav,not_reviewed,
Q0197,1081522,Pop,D:\MTG_Jamendo_selected400\Pop\1081522.mp3,260.049,120.024,140.024,D:\MTG_Jamendo_clips\survey_20s\Q0197.wav,D:\MTG_Jamendo_clips\model_7p5s\Q0197_clip01.wav,D:\MTG_Jamendo_clips\model_7p5s\Q0197_clip02.wav,D:\MTG_Jamendo_clips\model_7p5s\Q0197_clip03.wav,not_reviewed,
Q0198,0087999,Pop,D:\MTG_Jamendo_selected400\Pop\0087999.mp3,200.15,90.075,110.075,D:\MTG_Jamendo_clips\survey_20s\Q0198.wav,D:\MTG_Jamendo_clips\model_7p5s\Q0198_clip01.wav,D:\MTG_Jamendo_clips\model_7p5s\Q0198_clip02.wav,D:\MTG_Jamendo_clips\model_7p5s\Q0198_clip03.wav,not_reviewed,
Q0199,1030922,Pop,D:\MTG_Jamendo_selected400\Pop\1030922.mp3,212.088,96.044,116.044,D:\MTG_Jamendo_clips\survey_20s\Q0199.wav,D:\MTG_Jamendo_clips\model_7p5s\Q0199_clip01.wav,D:\MTG_Jamendo_clips\model_7p5s\Q0199_clip02.wav,D:\MTG_Jamendo_clips\model_7p5s\Q0199_clip03.wav,not_reviewed,
Q0200,0866780,Lock,D:\MTG_Jamendo_selected400\Lock\0866780.mp3,208.744,94.372,114.372,D:\MTG_Jamendo_clips\survey_20s\Q0200.wav,D:\MTG_Jamendo_clips\model_7p5s\Q0200_clip01.wav,D:\MTG_Jamendo_clips\model_7p5s\Q0200_clip02.wav,D:\MTG_Jamendo_clips\model_7p5s\Q0200_clip03.wav,not_reviewed,
Q0201,1284730,Break,D:\MTG_Jamendo_selected400\Break\1284730.mp3,264.046,122.023,142.023,D:\MTG_Jamendo_clips\survey_20s\Q0201.wav,D:\MTG_Jamendo_clips\model_7p5s\Q0201_clip01.wav,D:\MTG_Jamendo_clips\model_7p5s\Q0201_clip02.wav,D:\MTG_Jamendo_clips\model_7p5s\Q0201_clip03.wav,not_reviewed,
Q0202,1184999,Lock,D:\MTG_Jamendo_selected400\Lock\1184999.mp3,119.876,49.938,69.938,D:\MTG_Jamendo_clips\survey_20s\Q0202.wav,D:\MTG_Jamendo_clips\model_7p5s\Q0202_clip01.wav,D:\MTG_Jamendo_clips\model_7p5s\Q0202_clip02.wav,D:\MTG_Jamendo_clips\model_7p5s\Q0202_clip03.wav,not_reviewed,
Q0203,0054225,Lock,D:\MTG_Jamendo_selected400\Lock\0054225.mp3,157.127,68.563,88.563,D:\MTG_Jamendo_clips\survey_20s\Q0203.wav,D:\MTG_Jamendo_clips\model_7p5s\Q0203_clip01.wav,D:\MTG_Jamendo_clips\model_7p5s\Q0203_clip02.wav,D:\MTG_Jamendo_clips\model_7p5s\Q0203_clip03.wav,not_reviewed,
Q0204,1413262,House,D:\MTG_Jamendo_selected400\House\1413262.mp3,208.692,94.346,114.346,D:\MTG_Jamendo_clips\survey_20s\Q0204.wav,D:\MTG_Jamendo_clips\model_7p5s\Q0204_clip01.wav,D:\MTG_Jamendo_clips\model_7p5s\Q0204_clip02.wav,D:\MTG_Jamendo_clips\model_7p5s\Q0204_clip03.wav,not_reviewed,
Q0205,1357526,Break,D:\MTG_Jamendo_selected400\Break\1357526.mp3,332.852,156.426,176.426,D:\MTG_Jamendo_clips\survey_20s\Q0205.wav,D:\MTG_Jamendo_clips\model_7p5s\Q0205_clip01.wav,D:\MTG_Jamendo_clips\model_7p5s\Q0205_clip02.wav,D:\MTG_Jamendo_clips\model_7p5s\Q0205_clip03.wav,not_reviewed,
Q0206,1162949,Break,D:\MTG_Jamendo_selected400\Break\1162949.mp3,212.611,96.305,116.305,D:\MTG_Jamendo_clips\survey_20s\Q0206.wav,D:\MTG_Jamendo_clips\model_7p5s\Q0206_clip01.wav,D:\MTG_Jamendo_clips\model_7p5s\Q0206_clip02.wav,D:\MTG_Jamendo_clips\model_7p5s\Q0206_clip03.wav,not_reviewed,
Q0207,1392970,Pop,D:\MTG_Jamendo_selected400\Pop\1392970.mp3,82.103,31.051,51.051,D:\MTG_Jamendo_clips\survey_20s\Q0207.wav,D:\MTG_Jamendo_clips\model_7p5s\Q0207_clip01.wav,D:\MTG_Jamendo_clips\model_7p5s\Q0207_clip02.wav,D:\MTG_Jamendo_clips\model_7p5s\Q0207_clip03.wav,not_reviewed,
Q0208,1180601,HipHop,D:\MTG_Jamendo_selected400\HipHop\1180601.mp3,271.099,125.549,145.549,D:\MTG_Jamendo_clips\survey_20s\Q0208.wav,D:\MTG_Jamendo_clips\model_7p5s\Q0208_clip01.wav,D:\MTG_Jamendo_clips\model_7p5s\Q0208_clip02.wav,D:\MTG_Jamendo_clips\model_7p5s\Q0208_clip03.wav,not_reviewed,
Q0209,0181348,House,D:\MTG_Jamendo_selected400\House\0181348.mp3,377.704,178.852,198.852,D:\MTG_Jamendo_clips\survey_20s\Q0209.wav,D:\MTG_Jamendo_clips\model_7p5s\Q0209_clip01.wav,D:\MTG_Jamendo_clips\model_7p5s\Q0209_clip02.wav,D:\MTG_Jamendo_clips\model_7p5s\Q0209_clip03.wav,not_reviewed,
Q0210,1241227,House,D:\MTG_Jamendo_selected400\House\1241227.mp3,306.286,143.143,163.143,D:\MTG_Jamendo_clips\survey_20s\Q0210.wav,D:\MTG_Jamendo_clips\model_7p5s\Q0210_clip01.wav,D:\MTG_Jamendo_clips\model_7p5s\Q0210_clip02.wav,D:\MTG_Jamendo_clips\model_7p5s\Q0210_clip03.wav,not_reviewed,
Q0211,0962772,Lock,D:\MTG_Jamendo_selected400\Lock\0962772.mp3,190.616,85.308,105.308,D:\MTG_Jamendo_clips\survey_20s\Q0211.wav,D:\MTG_Jamendo_clips\model_7p5s\Q0211_clip01.wav,D:\MTG_Jamendo_clips\model_7p5s\Q0211_clip02.wav,D:\MTG_Jamendo_clips\model_7p5s\Q0211_clip03.wav,not_reviewed,
Q0212,1109968,House,D:\MTG_Jamendo_selected400\House\1109968.mp3,238.55,109.275,129.275,D:\MTG_Jamendo_clips\survey_20s\Q0212.wav,D:\MTG_Jamendo_clips\model_7p5s\Q0212_clip01.wav,D:\MTG_Jamendo_clips\model_7p5s\Q0212_clip02.wav,D:\MTG_Jamendo_clips\model_7p5s\Q0212_clip03.wav,not_reviewed,
Q0213,0701779,Lock,D:\MTG_Jamendo_selected400\Lock\0701779.mp3,153.626,66.813,86.813,D:\MTG_Jamendo_clips\survey_20s\Q0213.wav,D:\MTG_Jamendo_clips\model_7p5s\Q0213_clip01.wav,D:\MTG_Jamendo_clips\model_7p5s\Q0213_clip02.wav,D:\MTG_Jamendo_clips\model_7p5s\Q0213_clip03.wav,not_reviewed,
Q0214,1419040,Lock,D:\MTG_Jamendo_selected400\Lock\1419040.mp3,258.743,119.371,139.371,D:\MTG_Jamendo_clips\survey_20s\Q0214.wav,D:\MTG_Jamendo_clips\model_7p5s\Q0214_clip01.wav,D:\MTG_Jamendo_clips\model_7p5s\Q0214_clip02.wav,D:\MTG_Jamendo_clips\model_7p5s\Q0214_clip03.wav,not_reviewed,
Q0215,0313823,Break,D:\MTG_Jamendo_selected400\Break\0313823.mp3,269.949,124.975,144.975,D:\MTG_Jamendo_clips\survey_20s\Q0215.wav,D:\MTG_Jamendo_clips\model_7p5s\Q0215_clip01.wav,D:\MTG_Jamendo_clips\model_7p5s\Q0215_clip02.wav,D:\MTG_Jamendo_clips\model_7p5s\Q0215_clip03.wav,not_reviewed,
Q0216,1234497,House,D:\MTG_Jamendo_selected400\House\1234497.mp3,310.518,145.259,165.259,D:\MTG_Jamendo_clips\survey_20s\Q0216.wav,D:\MTG_Jamendo_clips\model_7p5s\Q0216_clip01.wav,D:\MTG_Jamendo_clips\model_7p5s\Q0216_clip02.wav,D:\MTG_Jamendo_clips\model_7p5s\Q0216_clip03.wav,not_reviewed,
Q0217,1202182,HipHop,D:\MTG_Jamendo_selected400\HipHop\1202182.mp3,292.389,136.194,156.194,D:\MTG_Jamendo_clips\survey_20s\Q0217.wav,D:\MTG_Jamendo_clips\model_7p5s\Q0217_clip01.wav,D:\MTG_Jamendo_clips\model_7p5s\Q0217_clip02.wav,D:\MTG_Jamendo_clips\model_7p5s\Q0217_clip03.wav,not_reviewed,
Q0218,1009197,House,D:\MTG_Jamendo_selected400\House\1009197.mp3,312.816,146.408,166.408,D:\MTG_Jamendo_clips\survey_20s\Q0218.wav,D:\MTG_Jamendo_clips\model_7p5s\Q0218_clip01.wav,D:\MTG_Jamendo_clips\model_7p5s\Q0218_clip02.wav,D:\MTG_Jamendo_clips\model_7p5s\Q0218_clip03.wav,not_reviewed,
Q0219,0572360,Break,D:\MTG_Jamendo_selected400\Break\0572360.mp3,272.379,126.189,146.189,D:\MTG_Jamendo_clips\survey_20s\Q0219.wav,D:\MTG_Jamendo_clips\model_7p5s\Q0219_clip01.wav,D:\MTG_Jamendo_clips\model_7p5s\Q0219_clip02.wav,D:\MTG_Jamendo_clips\model_7p5s\Q0219_clip03.wav,not_reviewed,
Q0220,0564211,Break,D:\MTG_Jamendo_selected400\Break\0564211.mp3,180.036,80.018,100.018,D:\MTG_Jamendo_clips\survey_20s\Q0220.wav,D:\MTG_Jamendo_clips\model_7p5s\Q0220_clip01.wav,D:\MTG_Jamendo_clips\model_7p5s\Q0220_clip02.wav,D:\MTG_Jamendo_clips\model_7p5s\Q0220_clip03.wav,not_reviewed,
Q0221,1336287,HipHop,D:\MTG_Jamendo_selected400\HipHop\1336287.mp3,244.036,112.018,132.018,D:\MTG_Jamendo_clips\survey_20s\Q0221.wav,D:\MTG_Jamendo_clips\model_7p5s\Q0221_clip01.wav,D:\MTG_Jamendo_clips\model_7p5s\Q0221_clip02.wav,D:\MTG_Jamendo_clips\model_7p5s\Q0221_clip03.wav,not_reviewed,
Q0222,1336308,House,D:\MTG_Jamendo_selected400\House\1336308.mp3,237.349,108.674,128.674,D:\MTG_Jamendo_clips\survey_20s\Q0222.wav,D:\MTG_Jamendo_clips\model_7p5s\Q0222_clip01.wav,D:\MTG_Jamendo_clips\model_7p5s\Q0222_clip02.wav,D:\MTG_Jamendo_clips\model_7p5s\Q0222_clip03.wav,not_reviewed,
Q0223,0295463,Break,D:\MTG_Jamendo_selected400\Break\0295463.mp3,181.891,80.945,100.945,D:\MTG_Jamendo_clips\survey_20s\Q0223.wav,D:\MTG_Jamendo_clips\model_7p5s\Q0223_clip01.wav,D:\MTG_Jamendo_clips\model_7p5s\Q0223_clip02.wav,D:\MTG_Jamendo_clips\model_7p5s\Q0223_clip03.wav,not_reviewed,
Q0224,1339422,Break,D:\MTG_Jamendo_selected400\Break\1339422.mp3,323.527,151.763,171.763,D:\MTG_Jamendo_clips\survey_20s\Q0224.wav,D:\MTG_Jamendo_clips\model_7p5s\Q0224_clip01.wav,D:\MTG_Jamendo_clips\model_7p5s\Q0224_clip02.wav,D:\MTG_Jamendo_clips\model_7p5s\Q0224_clip03.wav,not_reviewed,
Q0225,1126668,Lock,D:\MTG_Jamendo_selected400\Lock\1126668.mp3,294.713,137.357,157.357,D:\MTG_Jamendo_clips\survey_20s\Q0225.wav,D:\MTG_Jamendo_clips\model_7p5s\Q0225_clip01.wav,D:\MTG_Jamendo_clips\model_7p5s\Q0225_clip02.wav,D:\MTG_Jamendo_clips\model_7p5s\Q0225_clip03.wav,not_reviewed,
Q0226,1171319,House,D:\MTG_Jamendo_selected400\House\1171319.mp3,269.793,124.896,144.896,D:\MTG_Jamendo_clips\survey_20s\Q0226.wav,D:\MTG_Jamendo_clips\model_7p5s\Q0226_clip01.wav,D:\MTG_Jamendo_clips\model_7p5s\Q0226_clip02.wav,D:\MTG_Jamendo_clips\model_7p5s\Q0226_clip03.wav,not_reviewed,
Q0227,1285503,House,D:\MTG_Jamendo_selected400\House\1285503.mp3,332.356,156.178,176.178,D:\MTG_Jamendo_clips\survey_20s\Q0227.wav,D:\MTG_Jamendo_clips\model_7p5s\Q0227_clip01.wav,D:\MTG_Jamendo_clips\model_7p5s\Q0227_clip02.wav,D:\MTG_Jamendo_clips\model_7p5s\Q0227_clip03.wav,not_reviewed,
Q0228,1343434,House,D:\MTG_Jamendo_selected400\House\1343434.mp3,414.407,197.203,217.203,D:\MTG_Jamendo_clips\survey_20s\Q0228.wav,D:\MTG_Jamendo_clips\model_7p5s\Q0228_clip01.wav,D:\MTG_Jamendo_clips\model_7p5s\Q0228_clip02.wav,D:\MTG_Jamendo_clips\model_7p5s\Q0228_clip03.wav,not_reviewed,
Q0229,0800684,HipHop,D:\MTG_Jamendo_selected400\HipHop\0800684.mp3,386.508,183.254,203.254,D:\MTG_Jamendo_clips\survey_20s\Q0229.wav,D:\MTG_Jamendo_clips\model_7p5s\Q0229_clip01.wav,D:\MTG_Jamendo_clips\model_7p5s\Q0229_clip02.wav,D:\MTG_Jamendo_clips\model_7p5s\Q0229_clip03.wav,not_reviewed,
Q0230,1299187,Lock,D:\MTG_Jamendo_selected400\Lock\1299187.mp3,85.133,32.567,52.567,D:\MTG_Jamendo_clips\survey_20s\Q0230.wav,D:\MTG_Jamendo_clips\model_7p5s\Q0230_clip01.wav,D:\MTG_Jamendo_clips\model_7p5s\Q0230_clip02.wav,D:\MTG_Jamendo_clips\model_7p5s\Q0230_clip03.wav,not_reviewed,
Q0231,0073462,Break,D:\MTG_Jamendo_selected400\Break\0073462.mp3,205.427,92.713,112.713,D:\MTG_Jamendo_clips\survey_20s\Q0231.wav,D:\MTG_Jamendo_clips\model_7p5s\Q0231_clip01.wav,D:\MTG_Jamendo_clips\model_7p5s\Q0231_clip02.wav,D:\MTG_Jamendo_clips\model_7p5s\Q0231_clip03.wav,not_reviewed,
Q0232,1375973,Lock,D:\MTG_Jamendo_selected400\Lock\1375973.mp3,164.258,72.129,92.129,D:\MTG_Jamendo_clips\survey_20s\Q0232.wav,D:\MTG_Jamendo_clips\model_7p5s\Q0232_clip01.wav,D:\MTG_Jamendo_clips\model_7p5s\Q0232_clip02.wav,D:\MTG_Jamendo_clips\model_7p5s\Q0232_clip03.wav,not_reviewed,
Q0233,0081287,HipHop,D:\MTG_Jamendo_selected400\HipHop\0081287.mp3,202.449,91.224,111.224,D:\MTG_Jamendo_clips\survey_20s\Q0233.wav,D:\MTG_Jamendo_clips\model_7p5s\Q0233_clip01.wav,D:\MTG_Jamendo_clips\model_7p5s\Q0233_clip02.wav,D:\MTG_Jamendo_clips\model_7p5s\Q0233_clip03.wav,not_reviewed,
Q0234,1387142,HipHop,D:\MTG_Jamendo_selected400\HipHop\1387142.mp3,170.371,75.185,95.185,D:\MTG_Jamendo_clips\survey_20s\Q0234.wav,D:\MTG_Jamendo_clips\model_7p5s\Q0234_clip01.wav,D:\MTG_Jamendo_clips\model_7p5s\Q0234_clip02.wav,D:\MTG_Jamendo_clips\model_7p5s\Q0234_clip03.wav,not_reviewed,
Q0235,0015659,Break,D:\MTG_Jamendo_selected400\Break\0015659.mp3,305.162,142.581,162.581,D:\MTG_Jamendo_clips\survey_20s\Q0235.wav,D:\MTG_Jamendo_clips\model_7p5s\Q0235_clip01.wav,D:\MTG_Jamendo_clips\model_7p5s\Q0235_clip02.wav,D:\MTG_Jamendo_clips\model_7p5s\Q0235_clip03.wav,not_reviewed,
Q0236,1370791,Pop,D:\MTG_Jamendo_selected400\Pop\1370791.mp3,269.662,124.831,144.831,D:\MTG_Jamendo_clips\survey_20s\Q0236.wav,D:\MTG_Jamendo_clips\model_7p5s\Q0236_clip01.wav,D:\MTG_Jamendo_clips\model_7p5s\Q0236_clip02.wav,D:\MTG_Jamendo_clips\model_7p5s\Q0236_clip03.wav,not_reviewed,
Q0237,1159246,Lock,D:\MTG_Jamendo_selected400\Lock\1159246.mp3,252.029,116.015,136.015,D:\MTG_Jamendo_clips\survey_20s\Q0237.wav,D:\MTG_Jamendo_clips\model_7p5s\Q0237_clip01.wav,D:\MTG_Jamendo_clips\model_7p5s\Q0237_clip02.wav,D:\MTG_Jamendo_clips\model_7p5s\Q0237_clip03.wav,not_reviewed,
Q0238,1355456,Lock,D:\MTG_Jamendo_selected400\Lock\1355456.mp3,227.605,103.802,123.802,D:\MTG_Jamendo_clips\survey_20s\Q0238.wav,D:\MTG_Jamendo_clips\model_7p5s\Q0238_clip01.wav,D:\MTG_Jamendo_clips\model_7p5s\Q0238_clip02.wav,D:\MTG_Jamendo_clips\model_7p5s\Q0238_clip03.wav,not_reviewed,
Q0239,1142649,House,D:\MTG_Jamendo_selected400\House\1142649.mp3,146.286,63.143,83.143,D:\MTG_Jamendo_clips\survey_20s\Q0239.wav,D:\MTG_Jamendo_clips\model_7p5s\Q0239_clip01.wav,D:\MTG_Jamendo_clips\model_7p5s\Q0239_clip02.wav,D:\MTG_Jamendo_clips\model_7p5s\Q0239_clip03.wav,not_reviewed,
Q0240,1339522,Lock,D:\MTG_Jamendo_selected400\Lock\1339522.mp3,446.668,213.334,233.334,D:\MTG_Jamendo_clips\survey_20s\Q0240.wav,D:\MTG_Jamendo_clips\model_7p5s\Q0240_clip01.wav,D:\MTG_Jamendo_clips\model_7p5s\Q0240_clip02.wav,D:\MTG_Jamendo_clips\model_7p5s\Q0240_clip03.wav,not_reviewed,
Q0241,1122392,Break,D:\MTG_Jamendo_selected400\Break\1122392.mp3,226.104,103.052,123.052,D:\MTG_Jamendo_clips\survey_20s\Q0241.wav,D:\MTG_Jamendo_clips\model_7p5s\Q0241_clip01.wav,D:\MTG_Jamendo_clips\model_7p5s\Q0241_clip02.wav,D:\MTG_Jamendo_clips\model_7p5s\Q0241_clip03.wav,not_reviewed,
Q0242,0915384,Lock,D:\MTG_Jamendo_selected400\Lock\0915384.mp3,306.887,143.443,163.443,D:\MTG_Jamendo_clips\survey_20s\Q0242.wav,D:\MTG_Jamendo_clips\model_7p5s\Q0242_clip01.wav,D:\MTG_Jamendo_clips\model_7p5s\Q0242_clip02.wav,D:\MTG_Jamendo_clips\model_7p5s\Q0242_clip03.wav,not_reviewed,
Q0243,0887658,HipHop,D:\MTG_Jamendo_selected400\HipHop\0887658.mp3,97.698,38.849,58.849,D:\MTG_Jamendo_clips\survey_20s\Q0243.wav,D:\MTG_Jamendo_clips\model_7p5s\Q0243_clip01.wav,D:\MTG_Jamendo_clips\model_7p5s\Q0243_clip02.wav,D:\MTG_Jamendo_clips\model_7p5s\Q0243_clip03.wav,not_reviewed,
Q0244,1109541,Break,D:\MTG_Jamendo_selected400\Break\1109541.mp3,493.74,236.87,256.87,D:\MTG_Jamendo_clips\survey_20s\Q0244.wav,D:\MTG_Jamendo_clips\model_7p5s\Q0244_clip01.wav,D:\MTG_Jamendo_clips\model_7p5s\Q0244_clip02.wav,D:\MTG_Jamendo_clips\model_7p5s\Q0244_clip03.wav,not_reviewed,
Q0245,1266508,Break,D:\MTG_Jamendo_selected400\Break\1266508.mp3,139.572,59.786,79.786,D:\MTG_Jamendo_clips\survey_20s\Q0245.wav,D:\MTG_Jamendo_clips\model_7p5s\Q0245_clip01.wav,D:\MTG_Jamendo_clips\model_7p5s\Q0245_clip02.wav,D:\MTG_Jamendo_clips\model_7p5s\Q0245_clip03.wav,not_reviewed,
Q0246,1398414,HipHop,D:\MTG_Jamendo_selected400\HipHop\1398414.mp3,131.396,55.698,75.698,D:\MTG_Jamendo_clips\survey_20s\Q0246.wav,D:\MTG_Jamendo_clips\model_7p5s\Q0246_clip01.wav,D:\MTG_Jamendo_clips\model_7p5s\Q0246_clip02.wav,D:\MTG_Jamendo_clips\model_7p5s\Q0246_clip03.wav,not_reviewed,
Q0247,0288281,Lock,D:\MTG_Jamendo_selected400\Lock\0288281.mp3,242.181,111.091,131.091,D:\MTG_Jamendo_clips\survey_20s\Q0247.wav,D:\MTG_Jamendo_clips\model_7p5s\Q0247_clip01.wav,D:\MTG_Jamendo_clips\model_7p5s\Q0247_clip02.wav,D:\MTG_Jamendo_clips\model_7p5s\Q0247_clip03.wav,not_reviewed,
Q0248,0044308,House,D:\MTG_Jamendo_selected400\House\0044308.mp3,147.566,63.783,83.783,D:\MTG_Jamendo_clips\survey_20s\Q0248.wav,D:\MTG_Jamendo_clips\model_7p5s\Q0248_clip01.wav,D:\MTG_Jamendo_clips\model_7p5s\Q0248_clip02.wav,D:\MTG_Jamendo_clips\model_7p5s\Q0248_clip03.wav,not_reviewed,
Q0249,1291844,House,D:\MTG_Jamendo_selected400\House\1291844.mp3,201.77,90.885,110.885,D:\MTG_Jamendo_clips\survey_20s\Q0249.wav,D:\MTG_Jamendo_clips\model_7p5s\Q0249_clip01.wav,D:\MTG_Jamendo_clips\model_7p5s\Q0249_clip02.wav,D:\MTG_Jamendo_clips\model_7p5s\Q0249_clip03.wav,not_reviewed,
Q0250,1406197,Break,D:\MTG_Jamendo_selected400\Break\1406197.mp3,444.056,212.028,232.028,D:\MTG_Jamendo_clips\survey_20s\Q0250.wav,D:\MTG_Jamendo_clips\model_7p5s\Q0250_clip01.wav,D:\MTG_Jamendo_clips\model_7p5s\Q0250_clip02.wav,D:\MTG_Jamendo_clips\model_7p5s\Q0250_clip03.wav,not_reviewed,
Q0251,0003521,House,D:\MTG_Jamendo_selected400\House\0003521.mp3,290.09,135.045,155.045,D:\MTG_Jamendo_clips\survey_20s\Q0251.wav,D:\MTG_Jamendo_clips\model_7p5s\Q0251_clip01.wav,D:\MTG_Jamendo_clips\model_7p5s\Q0251_clip02.wav,D:\MTG_Jamendo_clips\model_7p5s\Q0251_clip03.wav,not_reviewed,
Q0252,0600112,Lock,D:\MTG_Jamendo_selected400\Lock\0600112.mp3,128.287,54.144,74.144,D:\MTG_Jamendo_clips\survey_20s\Q0252.wav,D:\MTG_Jamendo_clips\model_7p5s\Q0252_clip01.wav,D:\MTG_Jamendo_clips\model_7p5s\Q0252_clip02.wav,D:\MTG_Jamendo_clips\model_7p5s\Q0252_clip03.wav,not_reviewed,
Q0253,0880666,Break,D:\MTG_Jamendo_selected400\Break\0880666.mp3,208.17,94.085,114.085,D:\MTG_Jamendo_clips\survey_20s\Q0253.wav,D:\MTG_Jamendo_clips\model_7p5s\Q0253_clip01.wav,D:\MTG_Jamendo_clips\model_7p5s\Q0253_clip02.wav,D:\MTG_Jamendo_clips\model_7p5s\Q0253_clip03.wav,not_reviewed,
Q0254,1398736,House,D:\MTG_Jamendo_selected400\House\1398736.mp3,407.327,193.664,213.664,D:\MTG_Jamendo_clips\survey_20s\Q0254.wav,D:\MTG_Jamendo_clips\model_7p5s\Q0254_clip01.wav,D:\MTG_Jamendo_clips\model_7p5s\Q0254_clip02.wav,D:\MTG_Jamendo_clips\model_7p5s\Q0254_clip03.wav,not_reviewed,
Q0255,1238097,HipHop,D:\MTG_Jamendo_selected400\HipHop\1238097.mp3,307.67,143.835,163.835,D:\MTG_Jamendo_clips\survey_20s\Q0255.wav,D:\MTG_Jamendo_clips\model_7p5s\Q0255_clip01.wav,D:\MTG_Jamendo_clips\model_7p5s\Q0255_clip02.wav,D:\MTG_Jamendo_clips\model_7p5s\Q0255_clip03.wav,not_reviewed,
Q0256,0694889,HipHop,D:\MTG_Jamendo_selected400\HipHop\0694889.mp3,273.842,126.921,146.921,D:\MTG_Jamendo_clips\survey_20s\Q0256.wav,D:\MTG_Jamendo_clips\model_7p5s\Q0256_clip01.wav,D:\MTG_Jamendo_clips\model_7p5s\Q0256_clip02.wav,D:\MTG_Jamendo_clips\model_7p5s\Q0256_clip03.wav,not_reviewed,
Q0257,0301460,Lock,D:\MTG_Jamendo_selected400\Lock\0301460.mp3,215.615,97.807,117.807,D:\MTG_Jamendo_clips\survey_20s\Q0257.wav,D:\MTG_Jamendo_clips\model_7p5s\Q0257_clip01.wav,D:\MTG_Jamendo_clips\model_7p5s\Q0257_clip02.wav,D:\MTG_Jamendo_clips\model_7p5s\Q0257_clip03.wav,not_reviewed,
Q0258,1107277,Lock,D:\MTG_Jamendo_selected400\Lock\1107277.mp3,213.081,96.54,116.54,D:\MTG_Jamendo_clips\survey_20s\Q0258.wav,D:\MTG_Jamendo_clips\model_7p5s\Q0258_clip01.wav,D:\MTG_Jamendo_clips\model_7p5s\Q0258_clip02.wav,D:\MTG_Jamendo_clips\model_7p5s\Q0258_clip03.wav,not_reviewed,
Q0259,0017966,Break,D:\MTG_Jamendo_selected400\Break\0017966.mp3,355.892,167.946,187.946,D:\MTG_Jamendo_clips\survey_20s\Q0259.wav,D:\MTG_Jamendo_clips\model_7p5s\Q0259_clip01.wav,D:\MTG_Jamendo_clips\model_7p5s\Q0259_clip02.wav,D:\MTG_Jamendo_clips\model_7p5s\Q0259_clip03.wav,not_reviewed,
Q0260,0159582,Pop,D:\MTG_Jamendo_selected400\Pop\0159582.mp3,163.448,71.724,91.724,D:\MTG_Jamendo_clips\survey_20s\Q0260.wav,D:\MTG_Jamendo_clips\model_7p5s\Q0260_clip01.wav,D:\MTG_Jamendo_clips\model_7p5s\Q0260_clip02.wav,D:\MTG_Jamendo_clips\model_7p5s\Q0260_clip03.wav,not_reviewed,
Q0261,0043412,HipHop,D:\MTG_Jamendo_selected400\HipHop\0043412.mp3,202.71,91.355,111.355,D:\MTG_Jamendo_clips\survey_20s\Q0261.wav,D:\MTG_Jamendo_clips\model_7p5s\Q0261_clip01.wav,D:\MTG_Jamendo_clips\model_7p5s\Q0261_clip02.wav,D:\MTG_Jamendo_clips\model_7p5s\Q0261_clip03.wav,not_reviewed,
Q0262,1329723,House,D:\MTG_Jamendo_selected400\House\1329723.mp3,391.706,185.853,205.853,D:\MTG_Jamendo_clips\survey_20s\Q0262.wav,D:\MTG_Jamendo_clips\model_7p5s\Q0262_clip01.wav,D:\MTG_Jamendo_clips\model_7p5s\Q0262_clip02.wav,D:\MTG_Jamendo_clips\model_7p5s\Q0262_clip03.wav,not_reviewed,
Q0263,0918877,Pop,D:\MTG_Jamendo_selected400\Pop\0918877.mp3,210.051,95.025,115.025,D:\MTG_Jamendo_clips\survey_20s\Q0263.wav,D:\MTG_Jamendo_clips\model_7p5s\Q0263_clip01.wav,D:\MTG_Jamendo_clips\model_7p5s\Q0263_clip02.wav,D:\MTG_Jamendo_clips\model_7p5s\Q0263_clip03.wav,not_reviewed,
Q0264,1412380,Pop,D:\MTG_Jamendo_selected400\Pop\1412380.mp3,490.423,235.211,255.211,D:\MTG_Jamendo_clips\survey_20s\Q0264.wav,D:\MTG_Jamendo_clips\model_7p5s\Q0264_clip01.wav,D:\MTG_Jamendo_clips\model_7p5s\Q0264_clip02.wav,D:\MTG_Jamendo_clips\model_7p5s\Q0264_clip03.wav,not_reviewed,
Q0265,1180352,Pop,D:\MTG_Jamendo_selected400\Pop\1180352.mp3,293.956,136.978,156.978,D:\MTG_Jamendo_clips\survey_20s\Q0265.wav,D:\MTG_Jamendo_clips\model_7p5s\Q0265_clip01.wav,D:\MTG_Jamendo_clips\model_7p5s\Q0265_clip02.wav,D:\MTG_Jamendo_clips\model_7p5s\Q0265_clip03.wav,not_reviewed,
Q0266,1420478,Lock,D:\MTG_Jamendo_selected400\Lock\1420478.mp3,169.038,74.519,94.519,D:\MTG_Jamendo_clips\survey_20s\Q0266.wav,D:\MTG_Jamendo_clips\model_7p5s\Q0266_clip01.wav,D:\MTG_Jamendo_clips\model_7p5s\Q0266_clip02.wav,D:\MTG_Jamendo_clips\model_7p5s\Q0266_clip03.wav,not_reviewed,
Q0267,1332960,Break,D:\MTG_Jamendo_selected400\Break\1332960.mp3,126.824,53.412,73.412,D:\MTG_Jamendo_clips\survey_20s\Q0267.wav,D:\MTG_Jamendo_clips\model_7p5s\Q0267_clip01.wav,D:\MTG_Jamendo_clips\model_7p5s\Q0267_clip02.wav,D:\MTG_Jamendo_clips\model_7p5s\Q0267_clip03.wav,not_reviewed,
Q0268,0075347,Break,D:\MTG_Jamendo_selected400\Break\0075347.mp3,148.323,64.162,84.162,D:\MTG_Jamendo_clips\survey_20s\Q0268.wav,D:\MTG_Jamendo_clips\model_7p5s\Q0268_clip01.wav,D:\MTG_Jamendo_clips\model_7p5s\Q0268_clip02.wav,D:\MTG_Jamendo_clips\model_7p5s\Q0268_clip03.wav,not_reviewed,
Q0269,1237939,HipHop,D:\MTG_Jamendo_selected400\HipHop\1237939.mp3,239.203,109.602,129.602,D:\MTG_Jamendo_clips\survey_20s\Q0269.wav,D:\MTG_Jamendo_clips\model_7p5s\Q0269_clip01.wav,D:\MTG_Jamendo_clips\model_7p5s\Q0269_clip02.wav,D:\MTG_Jamendo_clips\model_7p5s\Q0269_clip03.wav,not_reviewed,
Q0270,1418219,House,D:\MTG_Jamendo_selected400\House\1418219.mp3,487.602,233.801,253.801,D:\MTG_Jamendo_clips\survey_20s\Q0270.wav,D:\MTG_Jamendo_clips\model_7p5s\Q0270_clip01.wav,D:\MTG_Jamendo_clips\model_7p5s\Q0270_clip02.wav,D:\MTG_Jamendo_clips\model_7p5s\Q0270_clip03.wav,not_reviewed,
Q0271,1106675,House,D:\MTG_Jamendo_selected400\House\1106675.mp3,281.757,130.878,150.878,D:\MTG_Jamendo_clips\survey_20s\Q0271.wav,D:\MTG_Jamendo_clips\model_7p5s\Q0271_clip01.wav,D:\MTG_Jamendo_clips\model_7p5s\Q0271_clip02.wav,D:\MTG_Jamendo_clips\model_7p5s\Q0271_clip03.wav,not_reviewed,
Q0272,1113422,House,D:\MTG_Jamendo_selected400\House\1113422.mp3,259.03,119.515,139.515,D:\MTG_Jamendo_clips\survey_20s\Q0272.wav,D:\MTG_Jamendo_clips\model_7p5s\Q0272_clip01.wav,D:\MTG_Jamendo_clips\model_7p5s\Q0272_clip02.wav,D:\MTG_Jamendo_clips\model_7p5s\Q0272_clip03.wav,not_reviewed,
Q0273,1026547,Break,D:\MTG_Jamendo_selected400\Break\1026547.mp3,452.598,216.299,236.299,D:\MTG_Jamendo_clips\survey_20s\Q0273.wav,D:\MTG_Jamendo_clips\model_7p5s\Q0273_clip01.wav,D:\MTG_Jamendo_clips\model_7p5s\Q0273_clip02.wav,D:\MTG_Jamendo_clips\model_7p5s\Q0273_clip03.wav,not_reviewed,
Q0274,1181203,Pop,D:\MTG_Jamendo_selected400\Pop\1181203.mp3,226.717,103.358,123.358,D:\MTG_Jamendo_clips\survey_20s\Q0274.wav,D:\MTG_Jamendo_clips\model_7p5s\Q0274_clip01.wav,D:\MTG_Jamendo_clips\model_7p5s\Q0274_clip02.wav,D:\MTG_Jamendo_clips\model_7p5s\Q0274_clip03.wav,not_reviewed,
Q0275,1205415,Pop,D:\MTG_Jamendo_selected400\Pop\1205415.mp3,230.034,105.017,125.017,D:\MTG_Jamendo_clips\survey_20s\Q0275.wav,D:\MTG_Jamendo_clips\model_7p5s\Q0275_clip01.wav,D:\MTG_Jamendo_clips\model_7p5s\Q0275_clip02.wav,D:\MTG_Jamendo_clips\model_7p5s\Q0275_clip03.wav,not_reviewed,
Q0276,1419761,Break,D:\MTG_Jamendo_selected400\Break\1419761.mp3,233.561,106.78,126.78,D:\MTG_Jamendo_clips\survey_20s\Q0276.wav,D:\MTG_Jamendo_clips\model_7p5s\Q0276_clip01.wav,D:\MTG_Jamendo_clips\model_7p5s\Q0276_clip02.wav,D:\MTG_Jamendo_clips\model_7p5s\Q0276_clip03.wav,not_reviewed,
Q0277,1311076,Break,D:\MTG_Jamendo_selected400\Break\1311076.mp3,204.016,92.008,112.008,D:\MTG_Jamendo_clips\survey_20s\Q0277.wav,D:\MTG_Jamendo_clips\model_7p5s\Q0277_clip01.wav,D:\MTG_Jamendo_clips\model_7p5s\Q0277_clip02.wav,D:\MTG_Jamendo_clips\model_7p5s\Q0277_clip03.wav,not_reviewed,
Q0278,0801407,Break,D:\MTG_Jamendo_selected400\Break\0801407.mp3,372.82,176.41,196.41,D:\MTG_Jamendo_clips\survey_20s\Q0278.wav,D:\MTG_Jamendo_clips\model_7p5s\Q0278_clip01.wav,D:\MTG_Jamendo_clips\model_7p5s\Q0278_clip02.wav,D:\MTG_Jamendo_clips\model_7p5s\Q0278_clip03.wav,not_reviewed,
Q0279,1198244,Break,D:\MTG_Jamendo_selected400\Break\1198244.mp3,339.226,159.613,179.613,D:\MTG_Jamendo_clips\survey_20s\Q0279.wav,D:\MTG_Jamendo_clips\model_7p5s\Q0279_clip01.wav,D:\MTG_Jamendo_clips\model_7p5s\Q0279_clip02.wav,D:\MTG_Jamendo_clips\model_7p5s\Q0279_clip03.wav,not_reviewed,
Q0280,0182038,Lock,D:\MTG_Jamendo_selected400\Lock\0182038.mp3,157.153,68.576,88.576,D:\MTG_Jamendo_clips\survey_20s\Q0280.wav,D:\MTG_Jamendo_clips\model_7p5s\Q0280_clip01.wav,D:\MTG_Jamendo_clips\model_7p5s\Q0280_clip02.wav,D:\MTG_Jamendo_clips\model_7p5s\Q0280_clip03.wav,not_reviewed,
Q0281,0572382,Lock,D:\MTG_Jamendo_selected400\Lock\0572382.mp3,230.034,105.017,125.017,D:\MTG_Jamendo_clips\survey_20s\Q0281.wav,D:\MTG_Jamendo_clips\model_7p5s\Q0281_clip01.wav,D:\MTG_Jamendo_clips\model_7p5s\Q0281_clip02.wav,D:\MTG_Jamendo_clips\model_7p5s\Q0281_clip03.wav,not_reviewed,
Q0282,1386918,Break,D:\MTG_Jamendo_selected400\Break\1386918.mp3,215.38,97.69,117.69,D:\MTG_Jamendo_clips\survey_20s\Q0282.wav,D:\MTG_Jamendo_clips\model_7p5s\Q0282_clip01.wav,D:\MTG_Jamendo_clips\model_7p5s\Q0282_clip02.wav,D:\MTG_Jamendo_clips\model_7p5s\Q0282_clip03.wav,not_reviewed,
Q0283,1373151,Pop,D:\MTG_Jamendo_selected400\Pop\1373151.mp3,247.38,113.69,133.69,D:\MTG_Jamendo_clips\survey_20s\Q0283.wav,D:\MTG_Jamendo_clips\model_7p5s\Q0283_clip01.wav,D:\MTG_Jamendo_clips\model_7p5s\Q0283_clip02.wav,D:\MTG_Jamendo_clips\model_7p5s\Q0283_clip03.wav,not_reviewed,
Q0284,0772947,Pop,D:\MTG_Jamendo_selected400\Pop\0772947.mp3,243.931,111.966,131.966,D:\MTG_Jamendo_clips\survey_20s\Q0284.wav,D:\MTG_Jamendo_clips\model_7p5s\Q0284_clip01.wav,D:\MTG_Jamendo_clips\model_7p5s\Q0284_clip02.wav,D:\MTG_Jamendo_clips\model_7p5s\Q0284_clip03.wav,not_reviewed,
Q0285,1169879,House,D:\MTG_Jamendo_selected400\House\1169879.mp3,398.811,189.406,209.406,D:\MTG_Jamendo_clips\survey_20s\Q0285.wav,D:\MTG_Jamendo_clips\model_7p5s\Q0285_clip01.wav,D:\MTG_Jamendo_clips\model_7p5s\Q0285_clip02.wav,D:\MTG_Jamendo_clips\model_7p5s\Q0285_clip03.wav,not_reviewed,
Q0286,1308621,House,D:\MTG_Jamendo_selected400\House\1308621.mp3,295.367,137.683,157.683,D:\MTG_Jamendo_clips\survey_20s\Q0286.wav,D:\MTG_Jamendo_clips\model_7p5s\Q0286_clip01.wav,D:\MTG_Jamendo_clips\model_7p5s\Q0286_clip02.wav,D:\MTG_Jamendo_clips\model_7p5s\Q0286_clip03.wav,not_reviewed,
Q0287,1273904,HipHop,D:\MTG_Jamendo_selected400\HipHop\1273904.mp3,188.63,84.315,104.315,D:\MTG_Jamendo_clips\survey_20s\Q0287.wav,D:\MTG_Jamendo_clips\model_7p5s\Q0287_clip01.wav,D:\MTG_Jamendo_clips\model_7p5s\Q0287_clip02.wav,D:\MTG_Jamendo_clips\model_7p5s\Q0287_clip03.wav,not_reviewed,
Q0288,1020438,Lock,D:\MTG_Jamendo_selected400\Lock\1020438.mp3,189.597,84.798,104.798,D:\MTG_Jamendo_clips\survey_20s\Q0288.wav,D:\MTG_Jamendo_clips\model_7p5s\Q0288_clip01.wav,D:\MTG_Jamendo_clips\model_7p5s\Q0288_clip02.wav,D:\MTG_Jamendo_clips\model_7p5s\Q0288_clip03.wav,not_reviewed,
Q0289,1271851,Pop,D:\MTG_Jamendo_selected400\Pop\1271851.mp3,144.797,62.398,82.398,D:\MTG_Jamendo_clips\survey_20s\Q0289.wav,D:\MTG_Jamendo_clips\model_7p5s\Q0289_clip01.wav,D:\MTG_Jamendo_clips\model_7p5s\Q0289_clip02.wav,D:\MTG_Jamendo_clips\model_7p5s\Q0289_clip03.wav,not_reviewed,
Q0290,1219211,HipHop,D:\MTG_Jamendo_selected400\HipHop\1219211.mp3,226.194,103.097,123.097,D:\MTG_Jamendo_clips\survey_20s\Q0290.wav,D:\MTG_Jamendo_clips\model_7p5s\Q0290_clip01.wav,D:\MTG_Jamendo_clips\model_7p5s\Q0290_clip02.wav,D:\MTG_Jamendo_clips\model_7p5s\Q0290_clip03.wav,not_reviewed,
Q0291,1377616,Pop,D:\MTG_Jamendo_selected400\Pop\1377616.mp3,224.784,102.392,122.392,D:\MTG_Jamendo_clips\survey_20s\Q0291.wav,D:\MTG_Jamendo_clips\model_7p5s\Q0291_clip01.wav,D:\MTG_Jamendo_clips\model_7p5s\Q0291_clip02.wav,D:\MTG_Jamendo_clips\model_7p5s\Q0291_clip03.wav,not_reviewed,
Q0292,1065761,Pop,D:\MTG_Jamendo_selected400\Pop\1065761.mp3,303.282,141.641,161.641,D:\MTG_Jamendo_clips\survey_20s\Q0292.wav,D:\MTG_Jamendo_clips\model_7p5s\Q0292_clip01.wav,D:\MTG_Jamendo_clips\model_7p5s\Q0292_clip02.wav,D:\MTG_Jamendo_clips\model_7p5s\Q0292_clip03.wav,not_reviewed,
Q0293,1399588,Break,D:\MTG_Jamendo_selected400\Break\1399588.mp3,290.273,135.136,155.136,D:\MTG_Jamendo_clips\survey_20s\Q0293.wav,D:\MTG_Jamendo_clips\model_7p5s\Q0293_clip01.wav,D:\MTG_Jamendo_clips\model_7p5s\Q0293_clip02.wav,D:\MTG_Jamendo_clips\model_7p5s\Q0293_clip03.wav,not_reviewed,
Q0294,1399786,House,D:\MTG_Jamendo_selected400\House\1399786.mp3,97.097,38.549,58.549,D:\MTG_Jamendo_clips\survey_20s\Q0294.wav,D:\MTG_Jamendo_clips\model_7p5s\Q0294_clip01.wav,D:\MTG_Jamendo_clips\model_7p5s\Q0294_clip02.wav,D:\MTG_Jamendo_clips\model_7p5s\Q0294_clip03.wav,not_reviewed,
Q0295,1149194,House,D:\MTG_Jamendo_selected400\House\1149194.mp3,195.265,87.633,107.633,D:\MTG_Jamendo_clips\survey_20s\Q0295.wav,D:\MTG_Jamendo_clips\model_7p5s\Q0295_clip01.wav,D:\MTG_Jamendo_clips\model_7p5s\Q0295_clip02.wav,D:\MTG_Jamendo_clips\model_7p5s\Q0295_clip03.wav,not_reviewed,
Q0296,0295782,Lock,D:\MTG_Jamendo_selected400\Lock\0295782.mp3,184.033,82.016,102.016,D:\MTG_Jamendo_clips\survey_20s\Q0296.wav,D:\MTG_Jamendo_clips\model_7p5s\Q0296_clip01.wav,D:\MTG_Jamendo_clips\model_7p5s\Q0296_clip02.wav,D:\MTG_Jamendo_clips\model_7p5s\Q0296_clip03.wav,not_reviewed,
Q0297,1208802,Lock,D:\MTG_Jamendo_selected400\Lock\1208802.mp3,220.787,100.393,120.393,D:\MTG_Jamendo_clips\survey_20s\Q0297.wav,D:\MTG_Jamendo_clips\model_7p5s\Q0297_clip01.wav,D:\MTG_Jamendo_clips\model_7p5s\Q0297_clip02.wav,D:\MTG_Jamendo_clips\model_7p5s\Q0297_clip03.wav,not_reviewed,
Q0298,1245893,Lock,D:\MTG_Jamendo_selected400\Lock\1245893.mp3,231.523,105.762,125.762,D:\MTG_Jamendo_clips\survey_20s\Q0298.wav,D:\MTG_Jamendo_clips\model_7p5s\Q0298_clip01.wav,D:\MTG_Jamendo_clips\model_7p5s\Q0298_clip02.wav,D:\MTG_Jamendo_clips\model_7p5s\Q0298_clip03.wav,not_reviewed,
Q0299,1153708,Lock,D:\MTG_Jamendo_selected400\Lock\1153708.mp3,107.468,43.734,63.734,D:\MTG_Jamendo_clips\survey_20s\Q0299.wav,D:\MTG_Jamendo_clips\model_7p5s\Q0299_clip01.wav,D:\MTG_Jamendo_clips\model_7p5s\Q0299_clip02.wav,D:\MTG_Jamendo_clips\model_7p5s\Q0299_clip03.wav,not_reviewed,
Q0300,1098838,HipHop,D:\MTG_Jamendo_selected400\HipHop\1098838.mp3,187.768,83.884,103.884,D:\MTG_Jamendo_clips\survey_20s\Q0300.wav,D:\MTG_Jamendo_clips\model_7p5s\Q0300_clip01.wav,D:\MTG_Jamendo_clips\model_7p5s\Q0300_clip02.wav,D:\MTG_Jamendo_clips\model_7p5s\Q0300_clip03.wav,not_reviewed,
Q0301,1072905,Break,D:\MTG_Jamendo_selected400\Break\1072905.mp3,203.102,91.551,111.551,D:\MTG_Jamendo_clips\survey_20s\Q0301.wav,D:\MTG_Jamendo_clips\model_7p5s\Q0301_clip01.wav,D:\MTG_Jamendo_clips\model_7p5s\Q0301_clip02.wav,D:\MTG_Jamendo_clips\model_7p5s\Q0301_clip03.wav,not_reviewed,
Q0302,1309591,HipHop,D:\MTG_Jamendo_selected400\HipHop\1309591.mp3,322.325,151.162,171.162,D:\MTG_Jamendo_clips\survey_20s\Q0302.wav,D:\MTG_Jamendo_clips\model_7p5s\Q0302_clip01.wav,D:\MTG_Jamendo_clips\model_7p5s\Q0302_clip02.wav,D:\MTG_Jamendo_clips\model_7p5s\Q0302_clip03.wav,not_reviewed,
Q0303,1170315,House,D:\MTG_Jamendo_selected400\House\1170315.mp3,176.3,78.15,98.15,D:\MTG_Jamendo_clips\survey_20s\Q0303.wav,D:\MTG_Jamendo_clips\model_7p5s\Q0303_clip01.wav,D:\MTG_Jamendo_clips\model_7p5s\Q0303_clip02.wav,D:\MTG_Jamendo_clips\model_7p5s\Q0303_clip03.wav,not_reviewed,
Q0304,0006615,House,D:\MTG_Jamendo_selected400\House\0006615.mp3,306.442,143.221,163.221,D:\MTG_Jamendo_clips\survey_20s\Q0304.wav,D:\MTG_Jamendo_clips\model_7p5s\Q0304_clip01.wav,D:\MTG_Jamendo_clips\model_7p5s\Q0304_clip02.wav,D:\MTG_Jamendo_clips\model_7p5s\Q0304_clip03.wav,not_reviewed,
Q0305,1324956,Pop,D:\MTG_Jamendo_selected400\Pop\1324956.mp3,255.399,117.7,137.7,D:\MTG_Jamendo_clips\survey_20s\Q0305.wav,D:\MTG_Jamendo_clips\model_7p5s\Q0305_clip01.wav,D:\MTG_Jamendo_clips\model_7p5s\Q0305_clip02.wav,D:\MTG_Jamendo_clips\model_7p5s\Q0305_clip03.wav,not_reviewed,
Q0306,1145280,HipHop,D:\MTG_Jamendo_selected400\HipHop\1145280.mp3,163.631,71.816,91.816,D:\MTG_Jamendo_clips\survey_20s\Q0306.wav,D:\MTG_Jamendo_clips\model_7p5s\Q0306_clip01.wav,D:\MTG_Jamendo_clips\model_7p5s\Q0306_clip02.wav,D:\MTG_Jamendo_clips\model_7p5s\Q0306_clip03.wav,not_reviewed,
Q0307,0891990,Break,D:\MTG_Jamendo_selected400\Break\0891990.mp3,195.03,87.515,107.515,D:\MTG_Jamendo_clips\survey_20s\Q0307.wav,D:\MTG_Jamendo_clips\model_7p5s\Q0307_clip01.wav,D:\MTG_Jamendo_clips\model_7p5s\Q0307_clip02.wav,D:\MTG_Jamendo_clips\model_7p5s\Q0307_clip03.wav,not_reviewed,
Q0308,0074585,House,D:\MTG_Jamendo_selected400\House\0074585.mp3,300.042,140.021,160.021,D:\MTG_Jamendo_clips\survey_20s\Q0308.wav,D:\MTG_Jamendo_clips\model_7p5s\Q0308_clip01.wav,D:\MTG_Jamendo_clips\model_7p5s\Q0308_clip02.wav,D:\MTG_Jamendo_clips\model_7p5s\Q0308_clip03.wav,not_reviewed,
Q0309,1225735,Pop,D:\MTG_Jamendo_selected400\Pop\1225735.mp3,234.371,107.185,127.185,D:\MTG_Jamendo_clips\survey_20s\Q0309.wav,D:\MTG_Jamendo_clips\model_7p5s\Q0309_clip01.wav,D:\MTG_Jamendo_clips\model_7p5s\Q0309_clip02.wav,D:\MTG_Jamendo_clips\model_7p5s\Q0309_clip03.wav,not_reviewed,
Q0310,1101578,Lock,D:\MTG_Jamendo_selected400\Lock\1101578.mp3,239.935,109.967,129.967,D:\MTG_Jamendo_clips\survey_20s\Q0310.wav,D:\MTG_Jamendo_clips\model_7p5s\Q0310_clip01.wav,D:\MTG_Jamendo_clips\model_7p5s\Q0310_clip02.wav,D:\MTG_Jamendo_clips\model_7p5s\Q0310_clip03.wav,not_reviewed,
Q0311,1312939,HipHop,D:\MTG_Jamendo_selected400\HipHop\1312939.mp3,278.152,129.076,149.076,D:\MTG_Jamendo_clips\survey_20s\Q0311.wav,D:\MTG_Jamendo_clips\model_7p5s\Q0311_clip01.wav,D:\MTG_Jamendo_clips\model_7p5s\Q0311_clip02.wav,D:\MTG_Jamendo_clips\model_7p5s\Q0311_clip03.wav,not_reviewed,
Q0312,1416190,Pop,D:\MTG_Jamendo_selected400\Pop\1416190.mp3,215.171,97.585,117.585,D:\MTG_Jamendo_clips\survey_20s\Q0312.wav,D:\MTG_Jamendo_clips\model_7p5s\Q0312_clip01.wav,D:\MTG_Jamendo_clips\model_7p5s\Q0312_clip02.wav,D:\MTG_Jamendo_clips\model_7p5s\Q0312_clip03.wav,not_reviewed,
Q0313,1409922,House,D:\MTG_Jamendo_selected400\House\1409922.mp3,264.255,122.127,142.127,D:\MTG_Jamendo_clips\survey_20s\Q0313.wav,D:\MTG_Jamendo_clips\model_7p5s\Q0313_clip01.wav,D:\MTG_Jamendo_clips\model_7p5s\Q0313_clip02.wav,D:\MTG_Jamendo_clips\model_7p5s\Q0313_clip03.wav,not_reviewed,
Q0314,0038120,Pop,D:\MTG_Jamendo_selected400\Pop\0038120.mp3,181.133,80.567,100.567,D:\MTG_Jamendo_clips\survey_20s\Q0314.wav,D:\MTG_Jamendo_clips\model_7p5s\Q0314_clip01.wav,D:\MTG_Jamendo_clips\model_7p5s\Q0314_clip02.wav,D:\MTG_Jamendo_clips\model_7p5s\Q0314_clip03.wav,not_reviewed,
Q0315,1389293,Pop,D:\MTG_Jamendo_selected400\Pop\1389293.mp3,192.261,86.131,106.131,D:\MTG_Jamendo_clips\survey_20s\Q0315.wav,D:\MTG_Jamendo_clips\model_7p5s\Q0315_clip01.wav,D:\MTG_Jamendo_clips\model_7p5s\Q0315_clip02.wav,D:\MTG_Jamendo_clips\model_7p5s\Q0315_clip03.wav,not_reviewed,
Q0316,0986493,Lock,D:\MTG_Jamendo_selected400\Lock\0986493.mp3,112.849,46.424,66.424,D:\MTG_Jamendo_clips\survey_20s\Q0316.wav,D:\MTG_Jamendo_clips\model_7p5s\Q0316_clip01.wav,D:\MTG_Jamendo_clips\model_7p5s\Q0316_clip02.wav,D:\MTG_Jamendo_clips\model_7p5s\Q0316_clip03.wav,not_reviewed,
Q0317,0338399,HipHop,D:\MTG_Jamendo_selected400\HipHop\0338399.mp3,228.049,104.024,124.024,D:\MTG_Jamendo_clips\survey_20s\Q0317.wav,D:\MTG_Jamendo_clips\model_7p5s\Q0317_clip01.wav,D:\MTG_Jamendo_clips\model_7p5s\Q0317_clip02.wav,D:\MTG_Jamendo_clips\model_7p5s\Q0317_clip03.wav,not_reviewed,
Q0318,1354273,Lock,D:\MTG_Jamendo_selected400\Lock\1354273.mp3,76.225,28.113,48.113,D:\MTG_Jamendo_clips\survey_20s\Q0318.wav,D:\MTG_Jamendo_clips\model_7p5s\Q0318_clip01.wav,D:\MTG_Jamendo_clips\model_7p5s\Q0318_clip02.wav,D:\MTG_Jamendo_clips\model_7p5s\Q0318_clip03.wav,not_reviewed,
Q0319,1085219,Break,D:\MTG_Jamendo_selected400\Break\1085219.mp3,540.421,260.211,280.211,D:\MTG_Jamendo_clips\survey_20s\Q0319.wav,D:\MTG_Jamendo_clips\model_7p5s\Q0319_clip01.wav,D:\MTG_Jamendo_clips\model_7p5s\Q0319_clip02.wav,D:\MTG_Jamendo_clips\model_7p5s\Q0319_clip03.wav,not_reviewed,
Q0320,1294624,HipHop,D:\MTG_Jamendo_selected400\HipHop\1294624.mp3,298.684,139.342,159.342,D:\MTG_Jamendo_clips\survey_20s\Q0320.wav,D:\MTG_Jamendo_clips\model_7p5s\Q0320_clip01.wav,D:\MTG_Jamendo_clips\model_7p5s\Q0320_clip02.wav,D:\MTG_Jamendo_clips\model_7p5s\Q0320_clip03.wav,not_reviewed,
Q0321,1081829,HipHop,D:\MTG_Jamendo_selected400\HipHop\1081829.mp3,148.454,64.227,84.227,D:\MTG_Jamendo_clips\survey_20s\Q0321.wav,D:\MTG_Jamendo_clips\model_7p5s\Q0321_clip01.wav,D:\MTG_Jamendo_clips\model_7p5s\Q0321_clip02.wav,D:\MTG_Jamendo_clips\model_7p5s\Q0321_clip03.wav,not_reviewed,
Q0322,0855373,House,D:\MTG_Jamendo_selected400\House\0855373.mp3,205.032,92.516,112.516,D:\MTG_Jamendo_clips\survey_20s\Q0322.wav,D:\MTG_Jamendo_clips\model_7p5s\Q0322_clip01.wav,D:\MTG_Jamendo_clips\model_7p5s\Q0322_clip02.wav,D:\MTG_Jamendo_clips\model_7p5s\Q0322_clip03.wav,not_reviewed,
Q0323,1044373,House,D:\MTG_Jamendo_selected400\House\1044373.mp3,310.936,145.468,165.468,D:\MTG_Jamendo_clips\survey_20s\Q0323.wav,D:\MTG_Jamendo_clips\model_7p5s\Q0323_clip01.wav,D:\MTG_Jamendo_clips\model_7p5s\Q0323_clip02.wav,D:\MTG_Jamendo_clips\model_7p5s\Q0323_clip03.wav,not_reviewed,
Q0324,0111121,HipHop,D:\MTG_Jamendo_selected400\HipHop\0111121.mp3,194.978,87.489,107.489,D:\MTG_Jamendo_clips\survey_20s\Q0324.wav,D:\MTG_Jamendo_clips\model_7p5s\Q0324_clip01.wav,D:\MTG_Jamendo_clips\model_7p5s\Q0324_clip02.wav,D:\MTG_Jamendo_clips\model_7p5s\Q0324_clip03.wav,not_reviewed,
Q0325,0986495,House,D:\MTG_Jamendo_selected400\House\0986495.mp3,304.3,142.15,162.15,D:\MTG_Jamendo_clips\survey_20s\Q0325.wav,D:\MTG_Jamendo_clips\model_7p5s\Q0325_clip01.wav,D:\MTG_Jamendo_clips\model_7p5s\Q0325_clip02.wav,D:\MTG_Jamendo_clips\model_7p5s\Q0325_clip03.wav,not_reviewed,
Q0326,1393528,House,D:\MTG_Jamendo_selected400\House\1393528.mp3,61.127,20.563,40.563,D:\MTG_Jamendo_clips\survey_20s\Q0326.wav,D:\MTG_Jamendo_clips\model_7p5s\Q0326_clip01.wav,D:\MTG_Jamendo_clips\model_7p5s\Q0326_clip02.wav,D:\MTG_Jamendo_clips\model_7p5s\Q0326_clip03.wav,not_reviewed,
Q0327,1237150,Pop,D:\MTG_Jamendo_selected400\Pop\1237150.mp3,201.273,90.637,110.637,D:\MTG_Jamendo_clips\survey_20s\Q0327.wav,D:\MTG_Jamendo_clips\model_7p5s\Q0327_clip01.wav,D:\MTG_Jamendo_clips\model_7p5s\Q0327_clip02.wav,D:\MTG_Jamendo_clips\model_7p5s\Q0327_clip03.wav,not_reviewed,
Q0328,1090656,Pop,D:\MTG_Jamendo_selected400\Pop\1090656.mp3,214.57,97.285,117.285,D:\MTG_Jamendo_clips\survey_20s\Q0328.wav,D:\MTG_Jamendo_clips\model_7p5s\Q0328_clip01.wav,D:\MTG_Jamendo_clips\model_7p5s\Q0328_clip02.wav,D:\MTG_Jamendo_clips\model_7p5s\Q0328_clip03.wav,not_reviewed,
Q0329,1278258,Break,D:\MTG_Jamendo_selected400\Break\1278258.mp3,148.689,64.344,84.344,D:\MTG_Jamendo_clips\survey_20s\Q0329.wav,D:\MTG_Jamendo_clips\model_7p5s\Q0329_clip01.wav,D:\MTG_Jamendo_clips\model_7p5s\Q0329_clip02.wav,D:\MTG_Jamendo_clips\model_7p5s\Q0329_clip03.wav,not_reviewed,
Q0330,1352591,Pop,D:\MTG_Jamendo_selected400\Pop\1352591.mp3,245.368,112.684,132.684,D:\MTG_Jamendo_clips\survey_20s\Q0330.wav,D:\MTG_Jamendo_clips\model_7p5s\Q0330_clip01.wav,D:\MTG_Jamendo_clips\model_7p5s\Q0330_clip02.wav,D:\MTG_Jamendo_clips\model_7p5s\Q0330_clip03.wav,not_reviewed,
Q0331,0992073,Pop,D:\MTG_Jamendo_selected400\Pop\0992073.mp3,184.059,82.029,102.029,D:\MTG_Jamendo_clips\survey_20s\Q0331.wav,D:\MTG_Jamendo_clips\model_7p5s\Q0331_clip01.wav,D:\MTG_Jamendo_clips\model_7p5s\Q0331_clip02.wav,D:\MTG_Jamendo_clips\model_7p5s\Q0331_clip03.wav,not_reviewed,
Q0332,1365778,HipHop,D:\MTG_Jamendo_selected400\HipHop\1365778.mp3,237.009,108.504,128.504,D:\MTG_Jamendo_clips\survey_20s\Q0332.wav,D:\MTG_Jamendo_clips\model_7p5s\Q0332_clip01.wav,D:\MTG_Jamendo_clips\model_7p5s\Q0332_clip02.wav,D:\MTG_Jamendo_clips\model_7p5s\Q0332_clip03.wav,not_reviewed,
Q0333,1144143,HipHop,D:\MTG_Jamendo_selected400\HipHop\1144143.mp3,192.836,86.418,106.418,D:\MTG_Jamendo_clips\survey_20s\Q0333.wav,D:\MTG_Jamendo_clips\model_7p5s\Q0333_clip01.wav,D:\MTG_Jamendo_clips\model_7p5s\Q0333_clip02.wav,D:\MTG_Jamendo_clips\model_7p5s\Q0333_clip03.wav,not_reviewed,
Q0334,0750217,Break,D:\MTG_Jamendo_selected400\Break\0750217.mp3,347.037,163.518,183.518,D:\MTG_Jamendo_clips\survey_20s\Q0334.wav,D:\MTG_Jamendo_clips\model_7p5s\Q0334_clip01.wav,D:\MTG_Jamendo_clips\model_7p5s\Q0334_clip02.wav,D:\MTG_Jamendo_clips\model_7p5s\Q0334_clip03.wav,not_reviewed,
Q0335,1082691,Break,D:\MTG_Jamendo_selected400\Break\1082691.mp3,224.064,102.032,122.032,D:\MTG_Jamendo_clips\survey_20s\Q0335.wav,D:\MTG_Jamendo_clips\model_7p5s\Q0335_clip01.wav,D:\MTG_Jamendo_clips\model_7p5s\Q0335_clip02.wav,D:\MTG_Jamendo_clips\model_7p5s\Q0335_clip03.wav,not_reviewed,
Q0336,0939804,HipHop,D:\MTG_Jamendo_selected400\HipHop\0939804.mp3,99.918,39.959,59.959,D:\MTG_Jamendo_clips\survey_20s\Q0336.wav,D:\MTG_Jamendo_clips\model_7p5s\Q0336_clip01.wav,D:\MTG_Jamendo_clips\model_7p5s\Q0336_clip02.wav,D:\MTG_Jamendo_clips\model_7p5s\Q0336_clip03.wav,not_reviewed,
Q0337,1181032,Lock,D:\MTG_Jamendo_selected400\Lock\1181032.mp3,272.3,126.15,146.15,D:\MTG_Jamendo_clips\survey_20s\Q0337.wav,D:\MTG_Jamendo_clips\model_7p5s\Q0337_clip01.wav,D:\MTG_Jamendo_clips\model_7p5s\Q0337_clip02.wav,D:\MTG_Jamendo_clips\model_7p5s\Q0337_clip03.wav,not_reviewed,
Q0338,0971653,House,D:\MTG_Jamendo_selected400\House\0971653.mp3,457.874,218.937,238.937,D:\MTG_Jamendo_clips\survey_20s\Q0338.wav,D:\MTG_Jamendo_clips\model_7p5s\Q0338_clip01.wav,D:\MTG_Jamendo_clips\model_7p5s\Q0338_clip02.wav,D:\MTG_Jamendo_clips\model_7p5s\Q0338_clip03.wav,not_reviewed,
Q0339,1414506,Lock,D:\MTG_Jamendo_selected400\Lock\1414506.mp3,291.056,135.528,155.528,D:\MTG_Jamendo_clips\survey_20s\Q0339.wav,D:\MTG_Jamendo_clips\model_7p5s\Q0339_clip01.wav,D:\MTG_Jamendo_clips\model_7p5s\Q0339_clip02.wav,D:\MTG_Jamendo_clips\model_7p5s\Q0339_clip03.wav,not_reviewed,
Q0340,0024242,Pop,D:\MTG_Jamendo_selected400\Pop\0024242.mp3,104.072,42.036,62.036,D:\MTG_Jamendo_clips\survey_20s\Q0340.wav,D:\MTG_Jamendo_clips\model_7p5s\Q0340_clip01.wav,D:\MTG_Jamendo_clips\model_7p5s\Q0340_clip02.wav,D:\MTG_Jamendo_clips\model_7p5s\Q0340_clip03.wav,not_reviewed,
Q0341,1367156,HipHop,D:\MTG_Jamendo_selected400\HipHop\1367156.mp3,175.177,77.589,97.589,D:\MTG_Jamendo_clips\survey_20s\Q0341.wav,D:\MTG_Jamendo_clips\model_7p5s\Q0341_clip01.wav,D:\MTG_Jamendo_clips\model_7p5s\Q0341_clip02.wav,D:\MTG_Jamendo_clips\model_7p5s\Q0341_clip03.wav,not_reviewed,
Q0342,1076139,Lock,D:\MTG_Jamendo_selected400\Lock\1076139.mp3,352.496,166.248,186.248,D:\MTG_Jamendo_clips\survey_20s\Q0342.wav,D:\MTG_Jamendo_clips\model_7p5s\Q0342_clip01.wav,D:\MTG_Jamendo_clips\model_7p5s\Q0342_clip02.wav,D:\MTG_Jamendo_clips\model_7p5s\Q0342_clip03.wav,not_reviewed,
Q0343,1119966,Break,D:\MTG_Jamendo_selected400\Break\1119966.mp3,228.384,104.192,124.192,D:\MTG_Jamendo_clips\survey_20s\Q0343.wav,D:\MTG_Jamendo_clips\model_7p5s\Q0343_clip01.wav,D:\MTG_Jamendo_clips\model_7p5s\Q0343_clip02.wav,D:\MTG_Jamendo_clips\model_7p5s\Q0343_clip03.wav,not_reviewed,
Q0344,1104646,House,D:\MTG_Jamendo_selected400\House\1104646.mp3,302.184,141.092,161.092,D:\MTG_Jamendo_clips\survey_20s\Q0344.wav,D:\MTG_Jamendo_clips\model_7p5s\Q0344_clip01.wav,D:\MTG_Jamendo_clips\model_7p5s\Q0344_clip02.wav,D:\MTG_Jamendo_clips\model_7p5s\Q0344_clip03.wav,not_reviewed,
Q0345,1343593,Break,D:\MTG_Jamendo_selected400\Break\1343593.mp3,190.668,85.334,105.334,D:\MTG_Jamendo_clips\survey_20s\Q0345.wav,D:\MTG_Jamendo_clips\model_7p5s\Q0345_clip01.wav,D:\MTG_Jamendo_clips\model_7p5s\Q0345_clip02.wav,D:\MTG_Jamendo_clips\model_7p5s\Q0345_clip03.wav,not_reviewed,
Q0346,1011642,Lock,D:\MTG_Jamendo_selected400\Lock\1011642.mp3,229.381,104.691,124.691,D:\MTG_Jamendo_clips\survey_20s\Q0346.wav,D:\MTG_Jamendo_clips\model_7p5s\Q0346_clip01.wav,D:\MTG_Jamendo_clips\model_7p5s\Q0346_clip02.wav,D:\MTG_Jamendo_clips\model_7p5s\Q0346_clip03.wav,not_reviewed,
Q0347,1403972,House,D:\MTG_Jamendo_selected400\House\1403972.mp3,201.691,90.846,110.846,D:\MTG_Jamendo_clips\survey_20s\Q0347.wav,D:\MTG_Jamendo_clips\model_7p5s\Q0347_clip01.wav,D:\MTG_Jamendo_clips\model_7p5s\Q0347_clip02.wav,D:\MTG_Jamendo_clips\model_7p5s\Q0347_clip03.wav,not_reviewed,
Q0348,0632798,Break,D:\MTG_Jamendo_selected400\Break\0632798.mp3,279.406,129.703,149.703,D:\MTG_Jamendo_clips\survey_20s\Q0348.wav,D:\MTG_Jamendo_clips\model_7p5s\Q0348_clip01.wav,D:\MTG_Jamendo_clips\model_7p5s\Q0348_clip02.wav,D:\MTG_Jamendo_clips\model_7p5s\Q0348_clip03.wav,not_reviewed,
Q0349,1293915,HipHop,D:\MTG_Jamendo_selected400\HipHop\1293915.mp3,227.03,103.515,123.515,D:\MTG_Jamendo_clips\survey_20s\Q0349.wav,D:\MTG_Jamendo_clips\model_7p5s\Q0349_clip01.wav,D:\MTG_Jamendo_clips\model_7p5s\Q0349_clip02.wav,D:\MTG_Jamendo_clips\model_7p5s\Q0349_clip03.wav,not_reviewed,
Q0350,1327029,Lock,D:\MTG_Jamendo_selected400\Lock\1327029.mp3,327.027,153.513,173.513,D:\MTG_Jamendo_clips\survey_20s\Q0350.wav,D:\MTG_Jamendo_clips\model_7p5s\Q0350_clip01.wav,D:\MTG_Jamendo_clips\model_7p5s\Q0350_clip02.wav,D:\MTG_Jamendo_clips\model_7p5s\Q0350_clip03.wav,not_reviewed,
Q0351,0646404,House,D:\MTG_Jamendo_selected400\House\0646404.mp3,491.207,235.603,255.603,D:\MTG_Jamendo_clips\survey_20s\Q0351.wav,D:\MTG_Jamendo_clips\model_7p5s\Q0351_clip01.wav,D:\MTG_Jamendo_clips\model_7p5s\Q0351_clip02.wav,D:\MTG_Jamendo_clips\model_7p5s\Q0351_clip03.wav,not_reviewed,
Q0352,0908380,House,D:\MTG_Jamendo_selected400\House\0908380.mp3,180.872,80.436,100.436,D:\MTG_Jamendo_clips\survey_20s\Q0352.wav,D:\MTG_Jamendo_clips\model_7p5s\Q0352_clip01.wav,D:\MTG_Jamendo_clips\model_7p5s\Q0352_clip02.wav,D:\MTG_Jamendo_clips\model_7p5s\Q0352_clip03.wav,not_reviewed,
Q0353,1256080,Break,D:\MTG_Jamendo_selected400\Break\1256080.mp3,216.059,98.029,118.029,D:\MTG_Jamendo_clips\survey_20s\Q0353.wav,D:\MTG_Jamendo_clips\model_7p5s\Q0353_clip01.wav,D:\MTG_Jamendo_clips\model_7p5s\Q0353_clip02.wav,D:\MTG_Jamendo_clips\model_7p5s\Q0353_clip03.wav,not_reviewed,
Q0354,1104996,House,D:\MTG_Jamendo_selected400\House\1104996.mp3,221.414,100.707,120.707,D:\MTG_Jamendo_clips\survey_20s\Q0354.wav,D:\MTG_Jamendo_clips\model_7p5s\Q0354_clip01.wav,D:\MTG_Jamendo_clips\model_7p5s\Q0354_clip02.wav,D:\MTG_Jamendo_clips\model_7p5s\Q0354_clip03.wav,not_reviewed,
Q0355,1317549,Pop,D:\MTG_Jamendo_selected400\Pop\1317549.mp3,131.03,55.515,75.515,D:\MTG_Jamendo_clips\survey_20s\Q0355.wav,D:\MTG_Jamendo_clips\model_7p5s\Q0355_clip01.wav,D:\MTG_Jamendo_clips\model_7p5s\Q0355_clip02.wav,D:\MTG_Jamendo_clips\model_7p5s\Q0355_clip03.wav,not_reviewed,
Q0356,1372107,Pop,D:\MTG_Jamendo_selected400\Pop\1372107.mp3,396.983,188.491,208.491,D:\MTG_Jamendo_clips\survey_20s\Q0356.wav,D:\MTG_Jamendo_clips\model_7p5s\Q0356_clip01.wav,D:\MTG_Jamendo_clips\model_7p5s\Q0356_clip02.wav,D:\MTG_Jamendo_clips\model_7p5s\Q0356_clip03.wav,not_reviewed,
Q0357,0273948,House,D:\MTG_Jamendo_selected400\House\0273948.mp3,188.656,84.328,104.328,D:\MTG_Jamendo_clips\survey_20s\Q0357.wav,D:\MTG_Jamendo_clips\model_7p5s\Q0357_clip01.wav,D:\MTG_Jamendo_clips\model_7p5s\Q0357_clip02.wav,D:\MTG_Jamendo_clips\model_7p5s\Q0357_clip03.wav,not_reviewed,
Q0358,1104889,HipHop,D:\MTG_Jamendo_selected400\HipHop\1104889.mp3,190.041,85.02,105.02,D:\MTG_Jamendo_clips\survey_20s\Q0358.wav,D:\MTG_Jamendo_clips\model_7p5s\Q0358_clip01.wav,D:\MTG_Jamendo_clips\model_7p5s\Q0358_clip02.wav,D:\MTG_Jamendo_clips\model_7p5s\Q0358_clip03.wav,not_reviewed,
Q0359,1419769,Break,D:\MTG_Jamendo_selected400\Break\1419769.mp3,313.626,146.813,166.813,D:\MTG_Jamendo_clips\survey_20s\Q0359.wav,D:\MTG_Jamendo_clips\model_7p5s\Q0359_clip01.wav,D:\MTG_Jamendo_clips\model_7p5s\Q0359_clip02.wav,D:\MTG_Jamendo_clips\model_7p5s\Q0359_clip03.wav,not_reviewed,
Q0360,1215805,Pop,D:\MTG_Jamendo_selected400\Pop\1215805.mp3,204.147,92.073,112.073,D:\MTG_Jamendo_clips\survey_20s\Q0360.wav,D:\MTG_Jamendo_clips\model_7p5s\Q0360_clip01.wav,D:\MTG_Jamendo_clips\model_7p5s\Q0360_clip02.wav,D:\MTG_Jamendo_clips\model_7p5s\Q0360_clip03.wav,not_reviewed,
Q0361,0480474,House,D:\MTG_Jamendo_selected400\House\0480474.mp3,265.064,122.532,142.532,D:\MTG_Jamendo_clips\survey_20s\Q0361.wav,D:\MTG_Jamendo_clips\model_7p5s\Q0361_clip01.wav,D:\MTG_Jamendo_clips\model_7p5s\Q0361_clip02.wav,D:\MTG_Jamendo_clips\model_7p5s\Q0361_clip03.wav,not_reviewed,
Q0362,1327469,Pop,D:\MTG_Jamendo_selected400\Pop\1327469.mp3,184.66,82.33,102.33,D:\MTG_Jamendo_clips\survey_20s\Q0362.wav,D:\MTG_Jamendo_clips\model_7p5s\Q0362_clip01.wav,D:\MTG_Jamendo_clips\model_7p5s\Q0362_clip02.wav,D:\MTG_Jamendo_clips\model_7p5s\Q0362_clip03.wav,not_reviewed,
Q0363,1155066,Pop,D:\MTG_Jamendo_selected400\Pop\1155066.mp3,252.944,116.472,136.472,D:\MTG_Jamendo_clips\survey_20s\Q0363.wav,D:\MTG_Jamendo_clips\model_7p5s\Q0363_clip01.wav,D:\MTG_Jamendo_clips\model_7p5s\Q0363_clip02.wav,D:\MTG_Jamendo_clips\model_7p5s\Q0363_clip03.wav,not_reviewed,
Q0364,0076729,HipHop,D:\MTG_Jamendo_selected400\HipHop\0076729.mp3,240.091,110.046,130.046,D:\MTG_Jamendo_clips\survey_20s\Q0364.wav,D:\MTG_Jamendo_clips\model_7p5s\Q0364_clip01.wav,D:\MTG_Jamendo_clips\model_7p5s\Q0364_clip02.wav,D:\MTG_Jamendo_clips\model_7p5s\Q0364_clip03.wav,not_reviewed,
Q0365,0057159,Break,D:\MTG_Jamendo_selected400\Break\0057159.mp3,300.042,140.021,160.021,D:\MTG_Jamendo_clips\survey_20s\Q0365.wav,D:\MTG_Jamendo_clips\model_7p5s\Q0365_clip01.wav,D:\MTG_Jamendo_clips\model_7p5s\Q0365_clip02.wav,D:\MTG_Jamendo_clips\model_7p5s\Q0365_clip03.wav,not_reviewed,
Q0366,1329324,HipHop,D:\MTG_Jamendo_selected400\HipHop\1329324.mp3,194.534,87.267,107.267,D:\MTG_Jamendo_clips\survey_20s\Q0366.wav,D:\MTG_Jamendo_clips\model_7p5s\Q0366_clip01.wav,D:\MTG_Jamendo_clips\model_7p5s\Q0366_clip02.wav,D:\MTG_Jamendo_clips\model_7p5s\Q0366_clip03.wav,not_reviewed,
Q0367,1227240,Lock,D:\MTG_Jamendo_selected400\Lock\1227240.mp3,286.328,133.164,153.164,D:\MTG_Jamendo_clips\survey_20s\Q0367.wav,D:\MTG_Jamendo_clips\model_7p5s\Q0367_clip01.wav,D:\MTG_Jamendo_clips\model_7p5s\Q0367_clip02.wav,D:\MTG_Jamendo_clips\model_7p5s\Q0367_clip03.wav,not_reviewed,
Q0368,1375367,House,D:\MTG_Jamendo_selected400\House\1375367.mp3,243.67,111.835,131.835,D:\MTG_Jamendo_clips\survey_20s\Q0368.wav,D:\MTG_Jamendo_clips\model_7p5s\Q0368_clip01.wav,D:\MTG_Jamendo_clips\model_7p5s\Q0368_clip02.wav,D:\MTG_Jamendo_clips\model_7p5s\Q0368_clip03.wav,not_reviewed,
Q0369,1116721,HipHop,D:\MTG_Jamendo_selected400\HipHop\1116721.mp3,408.059,194.029,214.029,D:\MTG_Jamendo_clips\survey_20s\Q0369.wav,D:\MTG_Jamendo_clips\model_7p5s\Q0369_clip01.wav,D:\MTG_Jamendo_clips\model_7p5s\Q0369_clip02.wav,D:\MTG_Jamendo_clips\model_7p5s\Q0369_clip03.wav,not_reviewed,
Q0370,1288110,House,D:\MTG_Jamendo_selected400\House\1288110.mp3,222.067,101.033,121.033,D:\MTG_Jamendo_clips\survey_20s\Q0370.wav,D:\MTG_Jamendo_clips\model_7p5s\Q0370_clip01.wav,D:\MTG_Jamendo_clips\model_7p5s\Q0370_clip02.wav,D:\MTG_Jamendo_clips\model_7p5s\Q0370_clip03.wav,not_reviewed,
Q0371,1348885,Pop,D:\MTG_Jamendo_selected400\Pop\1348885.mp3,260.598,120.299,140.299,D:\MTG_Jamendo_clips\survey_20s\Q0371.wav,D:\MTG_Jamendo_clips\model_7p5s\Q0371_clip01.wav,D:\MTG_Jamendo_clips\model_7p5s\Q0371_clip02.wav,D:\MTG_Jamendo_clips\model_7p5s\Q0371_clip03.wav,not_reviewed,
Q0372,1171069,Pop,D:\MTG_Jamendo_selected400\Pop\1171069.mp3,392.15,186.075,206.075,D:\MTG_Jamendo_clips\survey_20s\Q0372.wav,D:\MTG_Jamendo_clips\model_7p5s\Q0372_clip01.wav,D:\MTG_Jamendo_clips\model_7p5s\Q0372_clip02.wav,D:\MTG_Jamendo_clips\model_7p5s\Q0372_clip03.wav,not_reviewed,
Q0373,0371272,Pop,D:\MTG_Jamendo_selected400\Pop\0371272.mp3,447.373,213.687,233.687,D:\MTG_Jamendo_clips\survey_20s\Q0373.wav,D:\MTG_Jamendo_clips\model_7p5s\Q0373_clip01.wav,D:\MTG_Jamendo_clips\model_7p5s\Q0373_clip02.wav,D:\MTG_Jamendo_clips\model_7p5s\Q0373_clip03.wav,not_reviewed,
Q0374,1216208,Pop,D:\MTG_Jamendo_selected400\Pop\1216208.mp3,261.956,120.978,140.978,D:\MTG_Jamendo_clips\survey_20s\Q0374.wav,D:\MTG_Jamendo_clips\model_7p5s\Q0374_clip01.wav,D:\MTG_Jamendo_clips\model_7p5s\Q0374_clip02.wav,D:\MTG_Jamendo_clips\model_7p5s\Q0374_clip03.wav,not_reviewed,
Q0375,1012597,HipHop,D:\MTG_Jamendo_selected400\HipHop\1012597.mp3,269.401,124.7,144.7,D:\MTG_Jamendo_clips\survey_20s\Q0375.wav,D:\MTG_Jamendo_clips\model_7p5s\Q0375_clip01.wav,D:\MTG_Jamendo_clips\model_7p5s\Q0375_clip02.wav,D:\MTG_Jamendo_clips\model_7p5s\Q0375_clip03.wav,not_reviewed,
Q0376,1117564,Lock,D:\MTG_Jamendo_selected400\Lock\1117564.mp3,226.456,103.228,123.228,D:\MTG_Jamendo_clips\survey_20s\Q0376.wav,D:\MTG_Jamendo_clips\model_7p5s\Q0376_clip01.wav,D:\MTG_Jamendo_clips\model_7p5s\Q0376_clip02.wav,D:\MTG_Jamendo_clips\model_7p5s\Q0376_clip03.wav,not_reviewed,
Q0377,0223142,Break,D:\MTG_Jamendo_selected400\Break\0223142.mp3,275.513,127.757,147.757,D:\MTG_Jamendo_clips\survey_20s\Q0377.wav,D:\MTG_Jamendo_clips\model_7p5s\Q0377_clip01.wav,D:\MTG_Jamendo_clips\model_7p5s\Q0377_clip02.wav,D:\MTG_Jamendo_clips\model_7p5s\Q0377_clip03.wav,not_reviewed,
Q0378,1319505,Lock,D:\MTG_Jamendo_selected400\Lock\1319505.mp3,278.047,129.024,149.024,D:\MTG_Jamendo_clips\survey_20s\Q0378.wav,D:\MTG_Jamendo_clips\model_7p5s\Q0378_clip01.wav,D:\MTG_Jamendo_clips\model_7p5s\Q0378_clip02.wav,D:\MTG_Jamendo_clips\model_7p5s\Q0378_clip03.wav,not_reviewed,
Q0379,0500830,Lock,D:\MTG_Jamendo_selected400\Lock\0500830.mp3,163.848,71.924,91.924,D:\MTG_Jamendo_clips\survey_20s\Q0379.wav,D:\MTG_Jamendo_clips\model_7p5s\Q0379_clip01.wav,D:\MTG_Jamendo_clips\model_7p5s\Q0379_clip02.wav,D:\MTG_Jamendo_clips\model_7p5s\Q0379_clip03.wav,not_reviewed,
Q0380,1178768,HipHop,D:\MTG_Jamendo_selected400\HipHop\1178768.mp3,338.939,159.469,179.469,D:\MTG_Jamendo_clips\survey_20s\Q0380.wav,D:\MTG_Jamendo_clips\model_7p5s\Q0380_clip01.wav,D:\MTG_Jamendo_clips\model_7p5s\Q0380_clip02.wav,D:\MTG_Jamendo_clips\model_7p5s\Q0380_clip03.wav,not_reviewed,
Q0381,1115098,HipHop,D:\MTG_Jamendo_selected400\HipHop\1115098.mp3,192.418,86.209,106.209,D:\MTG_Jamendo_clips\survey_20s\Q0381.wav,D:\MTG_Jamendo_clips\model_7p5s\Q0381_clip01.wav,D:\MTG_Jamendo_clips\model_7p5s\Q0381_clip02.wav,D:\MTG_Jamendo_clips\model_7p5s\Q0381_clip03.wav,not_reviewed,
Q0382,1203939,Break,D:\MTG_Jamendo_selected400\Break\1203939.mp3,298.919,139.46,159.46,D:\MTG_Jamendo_clips\survey_20s\Q0382.wav,D:\MTG_Jamendo_clips\model_7p5s\Q0382_clip01.wav,D:\MTG_Jamendo_clips\model_7p5s\Q0382_clip02.wav,D:\MTG_Jamendo_clips\model_7p5s\Q0382_clip03.wav,not_reviewed,
Q0383,0296238,Break,D:\MTG_Jamendo_selected400\Break\0296238.mp3,289.071,134.536,154.536,D:\MTG_Jamendo_clips\survey_20s\Q0383.wav,D:\MTG_Jamendo_clips\model_7p5s\Q0383_clip01.wav,D:\MTG_Jamendo_clips\model_7p5s\Q0383_clip02.wav,D:\MTG_Jamendo_clips\model_7p5s\Q0383_clip03.wav,not_reviewed,
Q0384,0313809,Break,D:\MTG_Jamendo_selected400\Break\0313809.mp3,225.933,102.967,122.967,D:\MTG_Jamendo_clips\survey_20s\Q0384.wav,D:\MTG_Jamendo_clips\model_7p5s\Q0384_clip01.wav,D:\MTG_Jamendo_clips\model_7p5s\Q0384_clip02.wav,D:\MTG_Jamendo_clips\model_7p5s\Q0384_clip03.wav,not_reviewed,
Q0385,1303077,House,D:\MTG_Jamendo_selected400\House\1303077.mp3,166.949,73.474,93.474,D:\MTG_Jamendo_clips\survey_20s\Q0385.wav,D:\MTG_Jamendo_clips\model_7p5s\Q0385_clip01.wav,D:\MTG_Jamendo_clips\model_7p5s\Q0385_clip02.wav,D:\MTG_Jamendo_clips\model_7p5s\Q0385_clip03.wav,not_reviewed,
Q0386,1241774,Lock,D:\MTG_Jamendo_selected400\Lock\1241774.mp3,289.071,134.536,154.536,D:\MTG_Jamendo_clips\survey_20s\Q0386.wav,D:\MTG_Jamendo_clips\model_7p5s\Q0386_clip01.wav,D:\MTG_Jamendo_clips\model_7p5s\Q0386_clip02.wav,D:\MTG_Jamendo_clips\model_7p5s\Q0386_clip03.wav,not_reviewed,
Q0387,1190818,Break,D:\MTG_Jamendo_selected400\Break\1190818.mp3,163.84,71.92,91.92,D:\MTG_Jamendo_clips\survey_20s\Q0387.wav,D:\MTG_Jamendo_clips\model_7p5s\Q0387_clip01.wav,D:\MTG_Jamendo_clips\model_7p5s\Q0387_clip02.wav,D:\MTG_Jamendo_clips\model_7p5s\Q0387_clip03.wav,not_reviewed,
Q0388,1066916,Lock,D:\MTG_Jamendo_selected400\Lock\1066916.mp3,338.26,159.13,179.13,D:\MTG_Jamendo_clips\survey_20s\Q0388.wav,D:\MTG_Jamendo_clips\model_7p5s\Q0388_clip01.wav,D:\MTG_Jamendo_clips\model_7p5s\Q0388_clip02.wav,D:\MTG_Jamendo_clips\model_7p5s\Q0388_clip03.wav,not_reviewed,
Q0389,1399525,Pop,D:\MTG_Jamendo_selected400\Pop\1399525.mp3,241.998,110.999,130.999,D:\MTG_Jamendo_clips\survey_20s\Q0389.wav,D:\MTG_Jamendo_clips\model_7p5s\Q0389_clip01.wav,D:\MTG_Jamendo_clips\model_7p5s\Q0389_clip02.wav,D:\MTG_Jamendo_clips\model_7p5s\Q0389_clip03.wav,not_reviewed,
Q0390,1050551,Pop,D:\MTG_Jamendo_selected400\Pop\1050551.mp3,282.044,131.022,151.022,D:\MTG_Jamendo_clips\survey_20s\Q0390.wav,D:\MTG_Jamendo_clips\model_7p5s\Q0390_clip01.wav,D:\MTG_Jamendo_clips\model_7p5s\Q0390_clip02.wav,D:\MTG_Jamendo_clips\model_7p5s\Q0390_clip03.wav,not_reviewed,
Q0391,1279239,Break,D:\MTG_Jamendo_selected400\Break\1279239.mp3,308.532,144.266,164.266,D:\MTG_Jamendo_clips\survey_20s\Q0391.wav,D:\MTG_Jamendo_clips\model_7p5s\Q0391_clip01.wav,D:\MTG_Jamendo_clips\model_7p5s\Q0391_clip02.wav,D:\MTG_Jamendo_clips\model_7p5s\Q0391_clip03.wav,not_reviewed,
Q0392,1281239,Pop,D:\MTG_Jamendo_selected400\Pop\1281239.mp3,161.672,70.836,90.836,D:\MTG_Jamendo_clips\survey_20s\Q0392.wav,D:\MTG_Jamendo_clips\model_7p5s\Q0392_clip01.wav,D:\MTG_Jamendo_clips\model_7p5s\Q0392_clip02.wav,D:\MTG_Jamendo_clips\model_7p5s\Q0392_clip03.wav,not_reviewed,
Q0393,1395668,Break,D:\MTG_Jamendo_selected400\Break\1395668.mp3,245.525,112.762,132.762,D:\MTG_Jamendo_clips\survey_20s\Q0393.wav,D:\MTG_Jamendo_clips\model_7p5s\Q0393_clip01.wav,D:\MTG_Jamendo_clips\model_7p5s\Q0393_clip02.wav,D:\MTG_Jamendo_clips\model_7p5s\Q0393_clip03.wav,not_reviewed,
Q0394,1137233,HipHop,D:\MTG_Jamendo_selected400\HipHop\1137233.mp3,194.821,87.411,107.411,D:\MTG_Jamendo_clips\survey_20s\Q0394.wav,D:\MTG_Jamendo_clips\model_7p5s\Q0394_clip01.wav,D:\MTG_Jamendo_clips\model_7p5s\Q0394_clip02.wav,D:\MTG_Jamendo_clips\model_7p5s\Q0394_clip03.wav,not_reviewed,
Q0395,1217221,HipHop,D:\MTG_Jamendo_selected400\HipHop\1217221.mp3,212.036,96.018,116.018,D:\MTG_Jamendo_clips\survey_20s\Q0395.wav,D:\MTG_Jamendo_clips\model_7p5s\Q0395_clip01.wav,D:\MTG_Jamendo_clips\model_7p5s\Q0395_clip02.wav,D:\MTG_Jamendo_clips\model_7p5s\Q0395_clip03.wav,not_reviewed,
Q0396,1320021,HipHop,D:\MTG_Jamendo_selected400\HipHop\1320021.mp3,141.375,60.687,80.687,D:\MTG_Jamendo_clips\survey_20s\Q0396.wav,D:\MTG_Jamendo_clips\model_7p5s\Q0396_clip01.wav,D:\MTG_Jamendo_clips\model_7p5s\Q0396_clip02.wav,D:\MTG_Jamendo_clips\model_7p5s\Q0396_clip03.wav,not_reviewed,
Q0397,1295414,Pop,D:\MTG_Jamendo_selected400\Pop\1295414.mp3,218.253,99.127,119.127,D:\MTG_Jamendo_clips\survey_20s\Q0397.wav,D:\MTG_Jamendo_clips\model_7p5s\Q0397_clip01.wav,D:\MTG_Jamendo_clips\model_7p5s\Q0397_clip02.wav,D:\MTG_Jamendo_clips\model_7p5s\Q0397_clip03.wav,not_reviewed,
Q0398,0217493,Break,D:\MTG_Jamendo_selected400\Break\0217493.mp3,160.235,70.118,90.118,D:\MTG_Jamendo_clips\survey_20s\Q0398.wav,D:\MTG_Jamendo_clips\model_7p5s\Q0398_clip01.wav,D:\MTG_Jamendo_clips\model_7p5s\Q0398_clip02.wav,D:\MTG_Jamendo_clips\model_7p5s\Q0398_clip03.wav,not_reviewed,
Q0399,1315534,Break,D:\MTG_Jamendo_selected400\Break\1315534.mp3,314.462,147.231,167.231,D:\MTG_Jamendo_clips\survey_20s\Q0399.wav,D:\MTG_Jamendo_clips\model_7p5s\Q0399_clip01.wav,D:\MTG_Jamendo_clips\model_7p5s\Q0399_clip02.wav,D:\MTG_Jamendo_clips\model_7p5s\Q0399_clip03.wav,not_reviewed,
Q0400,0180466,Pop,D:\MTG_Jamendo_selected400\Pop\0180466.mp3,69.407,24.704,44.704,D:\MTG_Jamendo_clips\survey_20s\Q0400.wav,D:\MTG_Jamendo_clips\model_7p5s\Q0400_clip01.wav,D:\MTG_Jamendo_clips\model_7p5s\Q0400_clip02.wav,D:\MTG_Jamendo_clips\model_7p5s\Q0400_clip03.wav,not_reviewed,
